filename,title,author,source,ftype,duration,size,bitrate,channel,samplerate,bitdepth,desc
001_001_02ZQPQMV.mp3,婴儿啼哭,winsx87,Freesound,mp3,01:12,1.1 MB,1378 kbps,立体声,,,&amp;lt;p&amp;gt;一声婴儿啼哭&amp;lt;/p&amp;gt。,https://cdn.tosound.com:3321/preview?file=freesound%2F0%2F134%2F236317.mp3,https://cdn.tosound.com:3321/preview?file=freesound%2F0%2F134%2F236317.mp3&token=ZnJlZXNvdW5kJTJGMCUyRjEzNCUyRjIzNjMxNy5tcDM=&sound=audio.mp3
001_002_N2XNyBDr.wav,婴儿 &quot; 婴儿啼哭,panikko,Freesound,wav,00:38,3.4 MB,741 kbps,立体声,44100 Hz,16 bit,&amp;lt;p&amp;gt;我的小侄子在哭，用NTG3话筒录制到声音设备702.&amp;lt;/p&amp;gt。,https://cdn.tosound.com:3321/preview?file=freesound%2F0%2F127%2F229851.mp3,https://cdn.tosound.com:3321/preview?file=freesound%2F0%2F127%2F229851.mp3&token=ZnJlZXNvdW5kJTJGMCUyRjEyNyUyRjIyOTg1MS5tcDM=&sound=audio.mp3
001_003_BdnpZ3QV.wav,婴儿啼哭,Stevious42,Freesound,wav,00:18,1.6 MB,726 kbps,立体声,44100 Hz,16 bit,一个婴儿在哭,https://cdn.tosound.com:3321/preview?file=freesound%2F0%2F224%2F326734.mp3,https://cdn.tosound.com:3321/preview?file=freesound%2F0%2F224%2F326734.mp3&token=ZnJlZXNvdW5kJTJGMCUyRjIyNCUyRjMyNjczNC5tcDM=&sound=audio.mp3
001_004_YVmbMO42.wav,婴儿啼哭,nektaria909,Freesound,wav,00:08,1.5 MB,1411 kbps,立体声,44100 Hz,16 bit,婴儿哭泣。用缩放H1修改。,https://cdn.tosound.com:3321/preview?file=freesound%2F0%2F346%2F448549.mp3,https://cdn.tosound.com:3321/preview?file=freesound%2F0%2F346%2F448549.mp3&token=ZnJlZXNvdW5kJTJGMCUyRjM0NiUyRjQ0ODU0OS5tcDM=&sound=audio.mp3
001_005_72N9110V.wav,婴儿啼哭,simo170075,Freesound,wav,00:32,9.1 MB,2320 kbps,立体声,48000 Hz,24 bit,6个月大的婴儿哭了,https://cdn.tosound.com:3321/preview?file=freesound%2F0%2F361%2F463577.mp3,https://cdn.tosound.com:3321/preview?file=freesound%2F0%2F361%2F463577.mp3&token=ZnJlZXNvdW5kJTJGMCUyRjM2MSUyRjQ2MzU3Ny5tcDM=&sound=audio.mp3
001_006_4VkKgXeV.wav,婴儿啼哭,pawsound,Freesound,wav,00:06,3.3 MB,4609 kbps,立体声,48000 Hz,16 bit,&amp;lt;p&amp;gt;只是一个婴儿在地铁上哭泣&amp;lt;/p&amp;gt。,https://cdn.tosound.com:3321/preview?file=freesound%2F0%2F136%2F238847.mp3,https://cdn.tosound.com:3321/preview?file=freesound%2F0%2F136%2F238847.mp3&token=ZnJlZXNvdW5kJTJGMCUyRjEzNiUyRjIzODg0Ny5tcDM=&sound=audio.mp3
001_007_3VGo17pV.wav,婴儿啼哭,eguaus,Freesound,wav,00:53,8.9 MB,1404 kbps,立体声,44100 Hz,16 bit,2个月大婴儿的双耳场录音大声哭泣。,https://cdn.tosound.com:3321/preview?file=freesound%2F0%2F282%2F384923.mp3,https://cdn.tosound.com:3321/preview?file=freesound%2F0%2F282%2F384923.mp3&token=ZnJlZXNvdW5kJTJGMCUyRjI4MiUyRjM4NDkyMy5tcDM=&sound=audio.mp3
001_008_5dYEbpKd.wav,婴儿啼哭,crazyadamos,Freesound,wav,00:42,7.2 MB,1418 kbps,立体声,44100 Hz,16 bit,哭宝贝在近距离记录了h2n变焦。有关我的更多信息，请访问：http：//zespolnaevent.prv.pl,https://cdn.tosound.com:3321/preview?file=freesound%2F0%2F354%2F456543.mp3,https://cdn.tosound.com:3321/preview?file=freesound%2F0%2F354%2F456543.mp3&token=ZnJlZXNvdW5kJTJGMCUyRjM1NCUyRjQ1NjU0My5tcDM=&sound=audio.mp3
001_009_4d445k5d.wav,婴儿啼哭2,Stevious42,Freesound,wav,00:23,2 MB,708 kbps,立体声,44100 Hz,16 bit,一个婴儿在哭,https://cdn.tosound.com:3321/preview?file=freesound%2F0%2F224%2F326736.mp3,https://cdn.tosound.com:3321/preview?file=freesound%2F0%2F224%2F326736.mp3&token=ZnJlZXNvdW5kJTJGMCUyRjIyNCUyRjMyNjczNi5tcDM=&sound=audio.mp3
001_010_ArQ9JYar.wav,婴儿 &quot; 婴儿啼哭 1,reinsamba,Freesound,wav,00:37,6.3 MB,1421 kbps,立体声,44100 Hz,16 bit,&amp;lt;p&amp;gt;我的女儿夏洛特，两周前出生，不同类型的哭泣。Vivanco EM35，Marantz PMD 671.&amp;lt;br&amp;gt;&amp;lt;/p&amp;gt。,https://cdn.tosound.com:3321/preview?file=freesound%2F0%2F30%2F132164.mp3,https://cdn.tosound.com:3321/preview?file=freesound%2F0%2F30%2F132164.mp3&token=ZnJlZXNvdW5kJTJGMCUyRjMwJTJGMTMyMTY0Lm1wMw==&sound=audio.mp3
001_011_WrxGMZnd.wav,婴儿的啼哭声音,Leif,耳聆网,wav,00:17,3.18 MB,1536 kbps,立体声,48000 Hz,16 bit,婴儿的啼哭哭声音，母亲抚慰宝宝。,https://down.ear0.com:3321/index/preview?soundid=15658&type=mp3,"https://down.ear0.com:3321/index/preview?soundid=15658&type=mp3&token=czovL2Rvd24uZWFyMC5jb206MzMyMS9pbmRleC9wcmV2aWV3P3NvdW5kaWQ9MTU2NTgmdHlwZT1t
cDM=&sound=audio.mp3"
001_012_72NWPn9d.wav,婴儿啼哭1,zerolagtime,Freesound,wav,01:50,9.3 MB,708 kbps,立体声,44100 Hz,16 bit,基于Toby1和Toby2的acclivity。  扩展了，因此是人造的婴儿哭声。  包括咕咕的咒语。  非常感谢acclivity花钱买到这么干净的录音。&amp;lt;/p&amp;gt;,https://cdn.tosound.com:3321/preview?file=freesound%2F0%2F23%2F125933.mp3,https://cdn.tosound.com:3321/preview?file=freesound%2F0%2F23%2F125933.mp3&token=ZnJlZXNvdW5kJTJGMCUyRjIzJTJGMTI1OTMzLm1wMw==&sound=audio.mp3
002_001_Kdqv7LZr.wav,婴儿啼哭2,zerolagtime,Freesound,wav,01:08,5.8 MB,708 kbps,立体声,44100 Hz,16 bit,基于Toby1和Toby2的acclivity。  扩展了，因此是人造的婴儿哭声。  包括咕咕的咒语。  非常感谢acclivity花钱买到这么干净的录音。&amp;lt;/p&amp;gt;,https://cdn.tosound.com:3321/preview?file=freesound%2F0%2F23%2F125935.mp3,https://cdn.tosound.com:3321/preview?file=freesound%2F0%2F23%2F125935.mp3&token=ZnJlZXNvdW5kJTJGMCUyRjIzJTJGMTI1OTM1Lm1wMw==&sound=audio.mp3
002_002_LrvK3vAV.wav,城市 &quot; 婴儿啼哭,Xampi8,Freesound,wav,00:04,736.5 KB,1411 kbps,立体声,44100 Hz,16 bit,&amp;lt;p&amp;gt;这个声音是在Pompeu Fabra大学Poblenou校区前录制的。是一个婴儿在母亲怀里哭泣的声音。&amp;lt;/p&amp;gt。,https://cdn.tosound.com:3321/preview?file=freesound%2F0%2F135%2F237259.mp3,https://cdn.tosound.com:3321/preview?file=freesound%2F0%2F135%2F237259.mp3&token=ZnJlZXNvdW5kJTJGMCUyRjEzNSUyRjIzNzI1OS5tcDM=&sound=audio.mp3
002_003_YVokEZeV.wav,人类 &quot; 婴儿啼哭,Adam_N,Freesound,wav,00:12,1.8 MB,1194 kbps,立体声,48000 Hz,24 bit,宝宝在哭。,https://cdn.tosound.com:3321/preview?file=freesound%2F0%2F304%2F406399.mp3,https://cdn.tosound.com:3321/preview?file=freesound%2F0%2F304%2F406399.mp3&token=ZnJlZXNvdW5kJTJGMCUyRjMwNCUyRjQwNjM5OS5tcDM=&sound=audio.mp3
002_004_lr0JO3p2.wav,新生儿啼哭 &quot; 婴儿新生儿啼哭2,gumballworld,Freesound,wav,00:02,118.2 KB,353 kbps,立体声,22050 Hz,16 bit,一个八周大的婴儿哭了,https://cdn.tosound.com:3321/preview?file=freesound%2F0%2F340%2F442313.mp3,https://cdn.tosound.com:3321/preview?file=freesound%2F0%2F340%2F442313.mp3&token=ZnJlZXNvdW5kJTJGMCUyRjM0MCUyRjQ0MjMxMy5tcDM=&sound=audio.mp3
002_005_4r7oxmYr.mp3,新生儿啼哭 &quot; 婴儿新生儿啼哭1,gumballworld,Freesound,mp3,00:02,10 KB,172 kbps,立体声,,,一个八周大的婴儿哭了,https://cdn.tosound.com:3321/preview?file=freesound%2F0%2F340%2F442314.mp3,https://cdn.tosound.com:3321/preview?file=freesound%2F0%2F340%2F442314.mp3&token=ZnJlZXNvdW5kJTJGMCUyRjM0MCUyRjQ0MjMxNC5tcDM=&sound=audio.mp3
002_006_YVon91Xr.mp3,LCS项目&quot; 婴儿啼哭,mariiao2,Freesound,mp3,00:03,57 KB,1500 kbps,立体声,,,你可以听到宝宝的哭声。,https://cdn.tosound.com:3321/preview?file=freesound%2F0%2F208%2F310199.mp3,https://cdn.tosound.com:3321/preview?file=freesound%2F0%2F208%2F310199.mp3&token=ZnJlZXNvdW5kJTJGMCUyRjIwOCUyRjMxMDE5OS5tcDM=&sound=audio.mp3
002_007_4VkNvQ3r.mp3,啼哭的婴儿 &quot;哭泣,Bash360,Freesound,mp3,01:11,1.1 MB,1378 kbps,立体声,,,非常讨厌的哭声和一些人甚至不能持续3秒钟听,https://cdn.tosound.com:3321/preview?file=freesound%2F0%2F189%2F291747.mp3,https://cdn.tosound.com:3321/preview?file=freesound%2F0%2F189%2F291747.mp3&token=ZnJlZXNvdW5kJTJGMCUyRjE4OSUyRjI5MTc0Ny5tcDM=&sound=audio.mp3
002_008_4VkNvnkr.wav,歌曲和声音 &quot; 婴儿啼哭,annabloom,Freesound,wav,01:17,13.1 MB,1413 kbps,立体声,44100 Hz,16 bit,宝宝抱怨和呻吟,https://cdn.tosound.com:3321/preview?file=freesound%2F0%2F189%2F291303.mp3,https://cdn.tosound.com:3321/preview?file=freesound%2F0%2F189%2F291303.mp3&token=ZnJlZXNvdW5kJTJGMCUyRjE4OSUyRjI5MTMwMy5tcDM=&sound=audio.mp3
002_009_02ZQg7gV.wav,生为婴儿的循环 &quot; 婴儿出生第一声啼哭,NoiseCollector,Freesound,wav,00:00,88.6 KB,1423 kbps,立体声,44100 Hz,16 bit,&amp;lt;p&amp;gt;可循环的声音片段，在一个男婴出生后立即录制。,https://cdn.tosound.com:3321/preview?file=freesound%2F0%2F87%2F189517.mp3,https://cdn.tosound.com:3321/preview?file=freesound%2F0%2F87%2F189517.mp3&token=ZnJlZXNvdW5kJTJGMCUyRjg3JTJGMTg5NTE3Lm1wMw==&sound=audio.mp3
002_010_Ed8130Yr.wav,01- 婴儿啼哭的小房间,poissonmort,Freesound,wav,00:51,14.3 MB,2308 kbps,立体声,48000 Hz,24 bit,&amp;lt;p&amp;gt;婴儿在小房间里哭。中等距离。录音机H4，麦克风AKG C1000S.&amp;lt;/p&amp;gt;,https://cdn.tosound.com:3321/preview?file=freesound%2F0%2F54%2F156976.mp3,https://cdn.tosound.com:3321/preview?file=freesound%2F0%2F54%2F156976.mp3&token=ZnJlZXNvdW5kJTJGMCUyRjU0JTJGMTU2OTc2Lm1wMw==&sound=audio.mp3
002_011_BdnL7nEV.wav,出生 &quot; 婴儿出生的第一声啼哭,NoiseCollector,Freesound,wav,00:06,1.1 MB,1471 kbps,立体声,44100 Hz,16 bit,&amp;lt;p&amp;gt;用奥林巴斯DS-40和索尼话筒录制的宝宝的第一声啼哭声。,https://cdn.tosound.com:3321/preview?file=freesound%2F0%2F87%2F189534.mp3,https://cdn.tosound.com:3321/preview?file=freesound%2F0%2F87%2F189534.mp3&token=ZnJlZXNvdW5kJTJGMCUyRjg3JTJGMTg5NTM0Lm1wMw==&sound=audio.mp3
003_001_YVoW1qnV.wav,婴儿出生的循环 &quot; 婴儿出生的第一声啼哭 点击率,NoiseCollector,Freesound,wav,00:00,11.8 KB,1487 kbps,立体声,44100 Hz,16 bit,&amp;lt;p&amp;gt;可循环的声音片段，在一个男婴出生后立即录制。,https://cdn.tosound.com:3321/preview?file=freesound%2F0%2F87%2F189511.mp3,https://cdn.tosound.com:3321/preview?file=freesound%2F0%2F87%2F189511.mp3&token=ZnJlZXNvdW5kJTJGMCUyRjg3JTJGMTg5NTExLm1wMw==&sound=audio.mp3
003_002_LrvKZkLV.wav,出世的婴儿圈 &quot; 婴儿出生时的第一声啼哭，震动圈。,NoiseCollector,Freesound,wav,00:00,124.6 KB,1419 kbps,立体声,44100 Hz,16 bit,&amp;lt;p&amp;gt;可循环的声音片段，在一个男婴出生后立即录制。,https://cdn.tosound.com:3321/preview?file=freesound%2F0%2F87%2F189515.mp3,https://cdn.tosound.com:3321/preview?file=freesound%2F0%2F87%2F189515.mp3&token=ZnJlZXNvdW5kJTJGMCUyRjg3JTJGMTg5NTE1Lm1wMw==&sound=audio.mp3
003_003_lr067oJ2.wav,婴儿出生循环 &quot; 婴儿出生的第一声啼哭 循序渐进的循环,NoiseCollector,Freesound,wav,00:00,108.9 KB,1418 kbps,立体声,44100 Hz,16 bit,&amp;lt;p&amp;gt;可循环的声音片段，在一个男婴出生后立即录制。,https://cdn.tosound.com:3321/preview?file=freesound%2F0%2F87%2F189513.mp3,https://cdn.tosound.com:3321/preview?file=freesound%2F0%2F87%2F189513.mp3&token=ZnJlZXNvdW5kJTJGMCUyRjg3JTJGMTg5NTEzLm1wMw==&sound=audio.mp3
003_004_4r7qeLD2.wav,婴儿出生的循环 &quot; 婴儿出生的第一声啼哭的采样器hit,NoiseCollector,Freesound,wav,00:01,248.6 KB,1415 kbps,立体声,44100 Hz,16 bit,&amp;lt;p&amp;gt;可循环的声音片段，在一个男婴出生后立即录制。,https://cdn.tosound.com:3321/preview?file=freesound%2F0%2F87%2F189514.mp3,https://cdn.tosound.com:3321/preview?file=freesound%2F0%2F87%2F189514.mp3&token=ZnJlZXNvdW5kJTJGMCUyRjg3JTJGMTg5NTE0Lm1wMw==&sound=audio.mp3
003_007_lr0vwY72.wav,宝宝 &quot; 长时间的婴儿啼哭7分钟,klankbeeld,Freesound,wav,07:32,124.2 MB,2304 kbps,立体声,48000 Hz,24 bit,"&amp;lt;p&amp;gt;7分钟长的愤怒的婴儿大哭。&amp;lt;/p&amp;gt;

&amp;lt;p&amp;gt;当你使用这个声音时，如果你自愿捐献给freesound就更好了。 &amp;lt;br&amp;gt;如果你使用这个声音，你必须在你的作品中注明我（klankbeeld）和freesound.org。像这样做：声音来自&amp;lt;a href=&amp;quot;http://www.freesound.org/people/klankbeeld/&amp;quot; rel=&amp;quot;nofollow&amp;quot;&amp;gt;http://www.freesound.org/people/klankbeeld/&amp;lt;/a&amp;gt;&amp;lt;/p&amp;gt。

&amp;lt;p&amp;gt;不要使用间接链接。&amp;lt;/p&amp;gt。

&amp;lt;p&amp;gt;&amp;lt;a href=&amp;quot;http://www.pledgie.com/campaigns/20016&amp;quot; rel=&amp;quot;nofollow&amp;quot;&amp;gt;&amp;lt;/a&amp;gt;&amp;lt;a href=&amp;quot;http://www.pledgie.com/campaigns/20016.png?skin_name=chrome&amp;quot;&amp;gt;http://www.pledgie.com/campaigns/20016.png?skin_name=chrome&amp;lt; /a&amp;gt;&amp;lt;/p&amp;gt;",https://preview.tosound.com:3321/preview?file=freesound%2F0%2F173%2F275713.mp3,https://preview.tosound.com:3321/preview?file=freesound%2F0%2F173%2F275713.mp3&token=ZnJlZXNvdW5kJTJGMCUyRjE3MyUyRjI3NTcxMy5tcDM=&sound=audio.mp3
003_008_KdqLleW2.wav,出生 &quot; 婴儿出生时的第一声啼哭 aww,NoiseCollector,Freesound,wav,00:02,468.6 KB,1413 kbps,立体声,44100 Hz,16 bit,&amp;lt;p&amp;gt;用DS-40录制的新生儿早期的哭声和反应。,https://cdn.tosound.com:3321/preview?file=freesound%2F0%2F87%2F189535.mp3,https://cdn.tosound.com:3321/preview?file=freesound%2F0%2F87%2F189535.mp3&token=ZnJlZXNvdW5kJTJGMCUyRjg3JTJGMTg5NTM1Lm1wMw==&sound=audio.mp3
003_009_NVRWwQD2.wav,啼哭声,a1234,Freesound,wav,00:32,1.4 MB,360 kbps,立体声,22050 Hz,16 bit,&amp;lt;p&amp;gt;这是一个大约30秒的城市现场录音，几只乌鸦在附近飞来飞去，相互交谈。录音是在12月的一个星期天清晨，在加州圣地亚哥郊区。部分样本中有一些远处的喷气机噪音。由三段用数码相机录制的简短录音组成。,https://cdn.tosound.com:3321/preview?file=freesound%2F0%2F24%2F126124.mp3,https://cdn.tosound.com:3321/preview?file=freesound%2F0%2F24%2F126124.mp3&token=ZnJlZXNvdW5kJTJGMCUyRjI0JTJGMTI2MTI0Lm1wMw==&sound=audio.mp3
004_001_4r7oW43r.wav,新生儿啼哭 &quot; 新生儿啼哭,gumballworld,Freesound,wav,00:18,1.6 MB,725 kbps,立体声,44100 Hz,16 bit,我高声说这个声音http://freesound.org/people/tomhannen/sounds/243992/看起来很原始,https://cdn.tosound.com:3321/preview?file=freesound%2F0%2F344%2F446158.mp3,https://cdn.tosound.com:3321/preview?file=freesound%2F0%2F344%2F446158.mp3&token=ZnJlZXNvdW5kJTJGMCUyRjM0NCUyRjQ0NjE1OC5tcDM=&sound=audio.mp3
004_002_LrvY6bkd.wav,啼哭的BBass,zipbass,looperman,wav,00:08,1.47 MB,1411 kbps,立体声,44100 Hz,16 bit,来自FL Studio的Sawer，有时也会添加Grossbeat。,https://cdn.tosound.com:3321/preview?file=looperman%2F0%2F38%2F552415.mp3,https://cdn.tosound.com:3321/preview?file=looperman%2F0%2F38%2F552415.mp3&token=bG9vcGVybWFuJTJGMCUyRjM4JTJGNTUyNDE1Lm1wMw==&sound=audio.mp3
004_005_eVM96J0V.wav,新生儿啼哭,blukotek,Freesound,wav,01:00,16.7 MB,2303 kbps,立体声,48000 Hz,24 bit,"其他地方记录器：ZOOM H2 /其他便携式设备软件：Pro Tools / Audacity / Ocenaudio / Reaper

非常感谢您的评论.Pootr，Piotr Zaczek


其他地方记录器：ZOOM H2 /其他便携式设备软件：Pro Tools / Audacity / Ocenaudio / Reaper

非常感谢您的评论.Pootr，Piotr Zaczek",https://cdn.tosound.com:3321/preview?file=freesound%2F0%2F379%2F481825.mp3,https://cdn.tosound.com:3321/preview?file=freesound%2F0%2F379%2F481825.mp3&token=ZnJlZXNvdW5kJTJGMCUyRjM3OSUyRjQ4MTgyNS5tcDM=&sound=audio.mp3
004_006_72NnyR72.wav,随机组合第1组 &quot; cryloopstretch,NoiseCollector,Freesound,wav,00:10,1.7 MB,1397 kbps,立体声,44100 Hz,16 bit,&amp;lt;p&amp;gt;用paulstretch制作的婴儿哭声片段，&amp;lt;/p&amp;gt。,https://cdn.tosound.com:3321/preview?file=freesound%2F0%2F87%2F189577.mp3,https://cdn.tosound.com:3321/preview?file=freesound%2F0%2F87%2F189577.mp3&token=ZnJlZXNvdW5kJTJGMCUyRjg3JTJGMTg5NTc3Lm1wMw==&sound=audio.mp3
005_008_5dJNMlbd.wav,01 婴儿哭声渐小,PickleJones,Freesound,wav,00:19,3.5 MB,1517 kbps,立体声,48000 Hz,16 bit,&amp;lt;p&amp;gt;宝宝从大惊小怪中缓过来。在制作这段录音时，没有婴儿受到伤害。,https://cdn.tosound.com:3321/preview?file=freesound%2F0%2F133%2F235502.mp3,https://cdn.tosound.com:3321/preview?file=freesound%2F0%2F133%2F235502.mp3&token=ZnJlZXNvdW5kJTJGMCUyRjEzMyUyRjIzNTUwMi5tcDM=&sound=audio.mp3
006_002_3VGEYDkd.mp3,婴儿 &quot; 080823-000 Isla 哭泣,martian,Freesound,mp3,02:46,6.4 MB,1378 kbps,立体声,,,"宝宝在哭

H4内置麦克风 -  mp3",https://cdn.tosound.com:3321/preview?file=freesound%2F0%2F208%2F310967.mp3,https://cdn.tosound.com:3321/preview?file=freesound%2F0%2F208%2F310967.mp3&token=ZnJlZXNvdW5kJTJGMCUyRjIwOCUyRjMxMDk2Ny5tcDM=&sound=audio.mp3
007_004_NVR9AJRr.aiff,轻度哭闹,bulldozia,Freesound,aiff,00:26,4.4 MB,1407 kbps,立体声,44100 Hz,16 bit,&amp;lt;p&amp;gt;婴儿轻度哭闹。&amp;lt;/p&amp;gt。,https://cdn.tosound.com:3321/preview?file=freesound%2F0%2F93%2F195168.mp3,https://cdn.tosound.com:3321/preview?file=freesound%2F0%2F93%2F195168.mp3&token=ZnJlZXNvdW5kJTJGMCUyRjkzJTJGMTk1MTY4Lm1wMw==&sound=audio.mp3
008_001_YdDmWKWr.wav,婴儿 &quot; 婴儿哭闹 4,reinsamba,Freesound,wav,00:08,1.4 MB,1413 kbps,立体声,44100 Hz,16 bit,&amp;lt;p&amp;gt;我的女儿夏洛特，两周前出生，不同类型的哭泣。Vivanco EM35，Marantz PMD 671.&amp;lt;/p&amp;gt。,https://cdn.tosound.com:3321/preview?file=freesound%2F0%2F30%2F132156.mp3,https://cdn.tosound.com:3321/preview?file=freesound%2F0%2F30%2F132156.mp3&token=ZnJlZXNvdW5kJTJGMCUyRjMwJTJGMTMyMTU2Lm1wMw==&sound=audio.mp3
009_007_lr06NWQ2.mp3,宝宝1-4个月 &quot; Babycrying,NoiseCollector,Freesound,mp3,00:39,1.5 MB,1378 kbps,立体声,,,哭闹和脾气暴躁的声音，是一个男婴在出生后4个月内的声音。哭闹和脾气暴躁。,https://cdn.tosound.com:3321/preview?file=freesound%2F0%2F96%2F198257.mp3,https://cdn.tosound.com:3321/preview?file=freesound%2F0%2F96%2F198257.mp3&token=ZnJlZXNvdW5kJTJGMCUyRjk2JTJGMTk4MjU3Lm1wMw==&sound=audio.mp3
009_008_4r7qzA92.mp3,宝宝1-4个月 &quot; babycryingmay22,NoiseCollector,Freesound,mp3,00:45,1.7 MB,1378 kbps,立体声,,,哭闹和脾气暴躁的声音，是一个男婴在出生后4个月内的声音。哭闹和脾气暴躁。,https://cdn.tosound.com:3321/preview?file=freesound%2F0%2F96%2F198258.mp3,https://cdn.tosound.com:3321/preview?file=freesound%2F0%2F96%2F198258.mp3&token=ZnJlZXNvdW5kJTJGMCUyRjk2JTJGMTk4MjU4Lm1wMw==&sound=audio.mp3
009_009_LrvKbOkV.mp3,宝宝1-4个月 &quot; Babycryingnextday,NoiseCollector,Freesound,mp3,01:10,2.7 MB,1378 kbps,立体声,,,婴幼儿在出生后4个月内的声音，未经处理，用DS-40和索尼话筒录制。现在还在哭，脾气也不好。,https://cdn.tosound.com:3321/preview?file=freesound%2F0%2F96%2F198259.mp3,https://cdn.tosound.com:3321/preview?file=freesound%2F0%2F96%2F198259.mp3&token=ZnJlZXNvdW5kJTJGMCUyRjk2JTJGMTk4MjU5Lm1wMw==&sound=audio.mp3
009_010_Ddljog7V.mp3,宝宝1-4个月 &quot; babycrymay26,NoiseCollector,Freesound,mp3,00:57,2.2 MB,1378 kbps,立体声,,,哭闹和脾气暴躁的声音，是一个男婴在出生后4个月内的声音。哭闹和脾气暴躁。,https://cdn.tosound.com:3321/preview?file=freesound%2F0%2F96%2F198260.mp3,https://cdn.tosound.com:3321/preview?file=freesound%2F0%2F96%2F198260.mp3&token=ZnJlZXNvdW5kJTJGMCUyRjk2JTJGMTk4MjYwLm1wMw==&sound=audio.mp3
010_007_grKezZy2.wav,01 婴儿哭得厉害,PickleJones,Freesound,wav,00:10,2 MB,1548 kbps,立体声,48000 Hz,16 bit,&amp;lt;p&amp;gt;另一个宝宝大吵大闹的片段。在制作这段录音时，没有婴儿受到伤害。,https://cdn.tosound.com:3321/preview?file=freesound%2F0%2F133%2F235506.mp3,https://cdn.tosound.com:3321/preview?file=freesound%2F0%2F133%2F235506.mp3&token=ZnJlZXNvdW5kJTJGMCUyRjEzMyUyRjIzNTUwNi5tcDM=&sound=audio.mp3
012_005_Lrv1kyLd.wav,婴儿 &quot; 哭泣的婴儿合并,bonehead,Freesound,wav,06:27,65.4 MB,1413 kbps,立体声,44100 Hz,16 bit,&amp;lt;p&amp;gt;婴儿啼哭的长时间编辑的录像，从一个摄像机。&amp;lt;br&amp;gt;原始音频&amp;lt;/p&amp;gt。,https://preview.tosound.com:3321/preview?file=freesound%2F0%2F60%2F162059.mp3,https://preview.tosound.com:3321/preview?file=freesound%2F0%2F60%2F162059.mp3&token=ZnJlZXNvdW5kJTJGMCUyRjYwJTJGMTYyMDU5Lm1wMw==&sound=audio.mp3
015_005_odzwZRbr.wav,幼儿哭声2 0803xx,BoilingSand,Freesound,wav,00:04,1.2 MB,2125 kbps,立体声,44100 Hz,24 bit,这是一个16个月大的地球人（智人种）从睡梦中醒来后立即发出的小哭声。  在Zoom H2上使用90度的话筒从大约8英尺的距离捕捉到的。  低通应用于80度的采样，以消除不必要的隆隆声。  没有任何地球人受到伤害或威胁来产生这个声音，这个声音是在被试的正常日常生活中自发产生的。,https://cdn.tosound.com:3321/preview?file=freesound%2F0%2F45%2F147370.mp3,https://cdn.tosound.com:3321/preview?file=freesound%2F0%2F45%2F147370.mp3&token=ZnJlZXNvdW5kJTJGMCUyRjQ1JTJGMTQ3MzcwLm1wMw==&sound=audio.mp3
015_006_7dPeX9Xr.wav,幼儿哭声 1 0803xx,BoilingSand,Freesound,wav,00:03,810.6 KB,2118 kbps,立体声,44100 Hz,24 bit,一个16个月大的地球人（智人种）从睡梦中醒来后立即发出短促的哭声的声音。  用Zoom H2的90度话筒从大约8英尺远的地方捕捉到的；低通为80，以减少隆隆声。  没有任何地球人受到伤害或威胁来产生这个声音，这个声音是在被试的正常日常生活中自发产生的。,https://cdn.tosound.com:3321/preview?file=freesound%2F0%2F45%2F147388.mp3,https://cdn.tosound.com:3321/preview?file=freesound%2F0%2F45%2F147388.mp3&token=ZnJlZXNvdW5kJTJGMCUyRjQ1JTJGMTQ3Mzg4Lm1wMw==&sound=audio.mp3
015_007_GrO9JgL2.wav,萨米哭了&quot; 2岁的男孩哭了很久,gumballworld,Freesound,wav,00:16,714 KB,352 kbps,立体声,22050 Hz,16 bit,萨米在哭,https://cdn.tosound.com:3321/preview?file=freesound%2F0%2F341%2F443366.mp3,https://cdn.tosound.com:3321/preview?file=freesound%2F0%2F341%2F443366.mp3&token=ZnJlZXNvdW5kJTJGMCUyRjM0MSUyRjQ0MzM2Ni5tcDM=&sound=audio.mp3
015_008_NVRvmBkV.wav,萨米的哭声&quot; 2岁的男孩大哭大闹,gumballworld,Freesound,wav,00:13,596 KB,352 kbps,立体声,22050 Hz,16 bit,萨米在脱掉玩具时生气了,https://cdn.tosound.com:3321/preview?file=freesound%2F0%2F341%2F443368.mp3,https://cdn.tosound.com:3321/preview?file=freesound%2F0%2F341%2F443368.mp3&token=ZnJlZXNvdW5kJTJGMCUyRjM0MSUyRjQ0MzM2OC5tcDM=&sound=audio.mp3
015_009_eVM9PW0V.wav,萨米哭了 &quot; 2岁的男孩哭了，去了户外,gumballworld,Freesound,wav,00:04,188 KB,352 kbps,立体声,22050 Hz,16 bit,萨米哭着去户外,https://cdn.tosound.com:3321/preview?file=freesound%2F0%2F341%2F443369.mp3,https://cdn.tosound.com:3321/preview?file=freesound%2F0%2F341%2F443369.mp3&token=ZnJlZXNvdW5kJTJGMCUyRjM0MSUyRjQ0MzM2OS5tcDM=&sound=audio.mp3
015_010_odzROkBd.mp3,sami crying &quot; 2 yrs old boy crying and screaming sound effects,gumballworld,Freesound,mp3,00:11,223.4 KB,250 kbps,立体声,,,萨米在撞到头时哭了起来,https://cdn.tosound.com:3321/preview?file=freesound%2F0%2F341%2F443370.mp3,https://cdn.tosound.com:3321/preview?file=freesound%2F0%2F341%2F443370.mp3&token=ZnJlZXNvdW5kJTJGMCUyRjM0MSUyRjQ0MzM3MC5tcDM=&sound=audio.mp3
015_011_4VgJLmWr.wav,萨米哭了 &quot; 婴儿愤怒的长哭声与尖叫声,gumballworld,Freesound,wav,00:00,936.6 KB,2147483 kbps,立体声,,,萨米生气和哭泣,https://cdn.tosound.com:3321/preview?file=freesound%2F0%2F341%2F443371.mp3,https://cdn.tosound.com:3321/preview?file=freesound%2F0%2F341%2F443371.mp3&token=ZnJlZXNvdW5kJTJGMCUyRjM0MSUyRjQ0MzM3MS5tcDM=&sound=audio.mp3
015_012_8djx1a6V.wav,萨米的哭声&quot; 婴儿疯狂的笑声和像猫一样的行为,gumballworld,Freesound,wav,00:00,374.1 KB,2147483 kbps,立体声,,,宝宝萨米笑了，哭然后假装一只猫,https://cdn.tosound.com:3321/preview?file=freesound%2F0%2F341%2F443374.mp3,https://cdn.tosound.com:3321/preview?file=freesound%2F0%2F341%2F443374.mp3&token=ZnJlZXNvdW5kJTJGMCUyRjM0MSUyRjQ0MzM3NC5tcDM=&sound=audio.mp3
016_001_pd53Y0EV.wav,Sami crying &quot; baby laughing and crying long,gumballworld,Freesound,wav,00:28,1.2 MB,356 kbps,立体声,22050 Hz,16 bit,萨米笑着哭泣,https://cdn.tosound.com:3321/preview?file=freesound%2F0%2F341%2F443375.mp3,https://cdn.tosound.com:3321/preview?file=freesound%2F0%2F341%2F443375.mp3&token=ZnJlZXNvdW5kJTJGMCUyRjM0MSUyRjQ0MzM3NS5tcDM=&sound=audio.mp3
016_002_Ed8LGkvd.wav,萨米哭了&quot; 婴儿哭了,gumballworld,Freesound,wav,00:15,667.8 KB,352 kbps,立体声,22050 Hz,16 bit,萨米在哭,https://cdn.tosound.com:3321/preview?file=freesound%2F0%2F341%2F443376.mp3,https://cdn.tosound.com:3321/preview?file=freesound%2F0%2F341%2F443376.mp3&token=ZnJlZXNvdW5kJTJGMCUyRjM0MSUyRjQ0MzM3Ni5tcDM=&sound=audio.mp3
016_003_72N9yMEV.wav,萨米哭了&quot; 婴儿哭了1,gumballworld,Freesound,wav,00:06,266 KB,352 kbps,立体声,22050 Hz,16 bit,萨米（12个月大）在受伤时哭泣,https://cdn.tosound.com:3321/preview?file=freesound%2F0%2F341%2F443377.mp3,https://cdn.tosound.com:3321/preview?file=freesound%2F0%2F341%2F443377.mp3&token=ZnJlZXNvdW5kJTJGMCUyRjM0MSUyRjQ0MzM3Ny5tcDM=&sound=audio.mp3
016_004_KdqxlmN2.wav,萨米哭了&quot; 婴儿哭了3,gumballworld,Freesound,wav,00:04,204 KB,352 kbps,立体声,22050 Hz,16 bit,萨米（12个月大）在受伤时哭泣,https://cdn.tosound.com:3321/preview?file=freesound%2F0%2F341%2F443379.mp3,https://cdn.tosound.com:3321/preview?file=freesound%2F0%2F341%2F443379.mp3&token=ZnJlZXNvdW5kJTJGMCUyRjM0MSUyRjQ0MzM3OS5tcDM=&sound=audio.mp3
016_005_4d4Ygm5r.wav,Sami crying &quot; baby crying screaming long,gumballworld,Freesound,wav,00:00,356.6 KB,2147483 kbps,立体声,,,萨米愤怒地哭泣,https://cdn.tosound.com:3321/preview?file=freesound%2F0%2F341%2F443380.mp3,https://cdn.tosound.com:3321/preview?file=freesound%2F0%2F341%2F443380.mp3&token=ZnJlZXNvdW5kJTJGMCUyRjM0MSUyRjQ0MzM4MC5tcDM=&sound=audio.mp3
016_006_5VePG94r.wav,萨米的哭声&quot; 在隔壁房间的婴儿床里哭泣,gumballworld,Freesound,wav,00:00,558.1 KB,2147483 kbps,立体声,,,萨米在他的婴儿床里哭，因为他想要被接走,https://cdn.tosound.com:3321/preview?file=freesound%2F0%2F341%2F443381.mp3,https://cdn.tosound.com:3321/preview?file=freesound%2F0%2F341%2F443381.mp3&token=ZnJlZXNvdW5kJTJGMCUyRjM0MSUyRjQ0MzM4MS5tcDM=&sound=audio.mp3
016_007_wrWxg8DV.wav,萨米哭了&quot; 婴儿哭了2,gumballworld,Freesound,wav,00:17,750.7 KB,352 kbps,立体声,22050 Hz,16 bit,萨米（12个月大）在受伤时哭泣,https://cdn.tosound.com:3321/preview?file=freesound%2F0%2F341%2F443382.mp3,https://cdn.tosound.com:3321/preview?file=freesound%2F0%2F341%2F443382.mp3&token=ZnJlZXNvdW5kJTJGMCUyRjM0MSUyRjQ0MzM4Mi5tcDM=&sound=audio.mp3
016_009_WrxG6oLd.wav,萨米的循环 &quot; 婴儿哭声循环2,gumballworld,Freesound,wav,00:00,18.3 KB,354 kbps,立体声,22050 Hz,16 bit,宝贝哭泣循环,https://cdn.tosound.com:3321/preview?file=freesound%2F0%2F340%2F442721.mp3,https://cdn.tosound.com:3321/preview?file=freesound%2F0%2F340%2F442721.mp3&token=ZnJlZXNvdW5kJTJGMCUyRjM0MCUyRjQ0MjcyMS5tcDM=&sound=audio.mp3
016_010_GrO9l3w2.wav,萨米的循环 &quot; 婴儿哭声循环,gumballworld,Freesound,wav,00:02,89.3 KB,353 kbps,立体声,22050 Hz,16 bit,宝贝哭泣循环,https://cdn.tosound.com:3321/preview?file=freesound%2F0%2F340%2F442722.mp3,https://cdn.tosound.com:3321/preview?file=freesound%2F0%2F340%2F442722.mp3&token=ZnJlZXNvdW5kJTJGMCUyRjM0MCUyRjQ0MjcyMi5tcDM=&sound=audio.mp3
017_004_NrALOBEd.wav,婴儿（thehollywoodedge） &quot; 婴儿哭得很慢 PE144001,gumballworld,Freesound,wav,00:00,738.1 KB,2147483 kbps,立体声,,,宝宝慢慢地哭。,https://cdn.tosound.com:3321/preview?file=freesound%2F0%2F350%2F452640.mp3,https://cdn.tosound.com:3321/preview?file=freesound%2F0%2F350%2F452640.mp3&token=ZnJlZXNvdW5kJTJGMCUyRjM1MCUyRjQ1MjY0MC5tcDM=&sound=audio.mp3
017_011_4Vg9v5ed.wav,婴儿喃喃自语 &quot; 哭泣的孩子,NoiseCollector,Freesound,wav,00:10,928.6 KB,706 kbps,立体声,44100 Hz,16 bit,&amp;lt;p&amp;gt;9个月大的男宝宝发出各种宝宝的声音，发声，以及实际的宝宝行为表演。哭泣的婴儿需要欢呼。&amp;lt;/p&amp;gt;,https://cdn.tosound.com:3321/preview?file=freesound%2F0%2F102%2F204527.mp3,https://cdn.tosound.com:3321/preview?file=freesound%2F0%2F102%2F204527.mp3&token=ZnJlZXNvdW5kJTJGMCUyRjEwMiUyRjIwNDUyNy5tcDM=&sound=audio.mp3
018_001_3VGEY0xd.wav,哭泣的孩子,renatofarabeuf,Freesound,wav,01:06,11.3 MB,1417 kbps,立体声,44100 Hz,16 bit,一个婴儿Just criyn&#039;,https://cdn.tosound.com:3321/preview?file=freesound%2F0%2F209%2F311667.mp3,https://cdn.tosound.com:3321/preview?file=freesound%2F0%2F209%2F311667.mp3&token=ZnJlZXNvdW5kJTJGMCUyRjIwOSUyRjMxMTY2Ny5tcDM=&sound=audio.mp3
018_006_8dj4DZ8V.wav,JM HUMAN婴儿01c - 哭泣,Julien Matthey,Freesound,wav,00:39,6.7 MB,1415 kbps,立体声,44100 Hz,16 bit,&amp;lt;p&amp;gt;婴儿哭声，有房间的小混响&amp;lt;/p&amp;gt。,https://cdn.tosound.com:3321/preview?file=freesound%2F0%2F146%2F248930.mp3,https://cdn.tosound.com:3321/preview?file=freesound%2F0%2F146%2F248930.mp3&token=ZnJlZXNvdW5kJTJGMCUyRjE0NiUyRjI0ODkzMC5tcDM=&sound=audio.mp3
018_007_OVEKERqd.wav,楼梯与电梯背景 一个婴儿的哭声,mario1298,Freesound,wav,00:22,5.7 MB,2119 kbps,立体声,44100 Hz,24 bit,&amp;lt;p&amp;gt;楼梯上有电梯背景一个婴儿在哭&amp;lt;/p&amp;gt。,https://cdn.tosound.com:3321/preview?file=freesound%2F0%2F159%2F261229.mp3,https://cdn.tosound.com:3321/preview?file=freesound%2F0%2F159%2F261229.mp3&token=ZnJlZXNvdW5kJTJGMCUyRjE1OSUyRjI2MTIyOS5tcDM=&sound=audio.mp3
019_002_Ed8171Wr.wav,婴孩的声音 &quot; babycry05,pfly,Freesound,wav,00:12,1 MB,688 kbps,立体声,44100 Hz,16 bit,"&amp;lt;p&amp;gt;宝宝（我的，6周岁）半哭，更像是咕哝和用力呼吸。  奶嘴的叮当声。&amp;lt;/p&amp;gt;

&amp;lt;p&amp;gt;在家里录制，2006年1月11日。AKG C4000B话筒，带ProTools LE和Mbox的Macintosh。 &amp;lt;/p&amp;gt;

&amp;lt;p&amp;gt;目的是为了记录他有时发出的奇怪的声音，但一旦录音，他就会怯场或什么的。&amp;lt;/p&amp;gt;",https://cdn.tosound.com:3321/preview?file=freesound%2F0%2F12%2F114276.mp3,https://cdn.tosound.com:3321/preview?file=freesound%2F0%2F12%2F114276.mp3&token=ZnJlZXNvdW5kJTJGMCUyRjEyJTJGMTE0Mjc2Lm1wMw==&sound=audio.mp3
019_012_KdqKQ5NV.wav,愤怒的婴儿哭声,Stevious42,Freesound,wav,00:31,2.7 MB,717 kbps,立体声,44100 Hz,16 bit,一个愤怒的婴儿哭,https://cdn.tosound.com:3321/preview?file=freesound%2F0%2F224%2F326735.mp3,https://cdn.tosound.com:3321/preview?file=freesound%2F0%2F224%2F326735.mp3&token=ZnJlZXNvdW5kJTJGMCUyRjIyNCUyRjMyNjczNS5tcDM=&sound=audio.mp3
021_006_4r7p50qV.mp3,婴儿委屈哭,蓝小凡,耳聆网,mp3,00:19,457.72 KB,192 kbps,立体声,44100 Hz,,婴儿委屈哭，可以直接使用,https://down.ear0.com:3321/index/preview?soundid=37608&type=mp3,"https://down.ear0.com:3321/index/preview?soundid=37608&type=mp3&token=czovL2Rvd24uZWFyMC5jb206MzMyMS9pbmRleC9wcmV2aWV3P3NvdW5kaWQ9Mzc2MDgmdHlwZT1t
cDM=&sound=audio.mp3"
022_009_nVL9eMQ2.wav,萨米的圈套 &quot; 2岁的男孩哭着喊着发火,gumballworld,Freesound,wav,00:39,1.6 MB,342 kbps,立体声,22050 Hz,16 bit,2岁的男孩哭着尖叫着生气,https://cdn.tosound.com:3321/preview?file=freesound%2F0%2F340%2F442718.mp3,https://cdn.tosound.com:3321/preview?file=freesound%2F0%2F340%2F442718.mp3&token=ZnJlZXNvdW5kJTJGMCUyRjM0MCUyRjQ0MjcxOC5tcDM=&sound=audio.mp3
023_011_BdnDv0zV.mp3,儿童睡房的声音 &quot; C1宝宝哭,Iamgiorgio,Freesound,mp3,00:05,218.6 KB,1500 kbps,立体声,,,听一个婴儿在床上哭泣,https://cdn.tosound.com:3321/preview?file=freesound%2F0%2F326%2F428478.mp3,https://cdn.tosound.com:3321/preview?file=freesound%2F0%2F326%2F428478.mp3&token=ZnJlZXNvdW5kJTJGMCUyRjMyNiUyRjQyODQ3OC5tcDM=&sound=audio.mp3
024_008_lr0qgWAV.mp3,冲绳，日本 &quot; babycrying2,morgantj,Freesound,mp3,00:24,750.3 KB,1378 kbps,立体声,,,&amp;lt;p&amp;gt;一个女婴在哭，因为她想要她的妈妈。&amp;lt;/p&amp;gt。,https://cdn.tosound.com:3321/preview?file=freesound%2F0%2F53%2F155657.mp3,https://cdn.tosound.com:3321/preview?file=freesound%2F0%2F53%2F155657.mp3&token=ZnJlZXNvdW5kJTJGMCUyRjUzJTJGMTU1NjU3Lm1wMw==&sound=audio.mp3
024_011_wrWxJ7EV.wav,婴儿哭闹,食梦梦,耳聆网,wav,28:43,290.02 MB,1411 kbps,立体声,44100 Hz,16 bit,婴儿哭闹，打喷嚏，呜咽各种录音。,https://down.ear0.com:3321/index/preview?soundid=15973&type=mp3,"https://down.ear0.com:3321/index/preview?soundid=15973&type=mp3&token=czovL2Rvd24uZWFyMC5jb206MzMyMS9pbmRleC9wcmV2aWV3P3NvdW5kaWQ9MTU5NzMmdHlwZT1t
cDM=&sound=audio.mp3"
025_012_72N9G8LV.mp3,婴儿大哭,organicmanpl,Freesound,mp3,00:09,292.6 KB,1378 kbps,立体声,,,宝宝大声哭泣,https://cdn.tosound.com:3321/preview?file=freesound%2F0%2F384%2F486433.mp3,https://cdn.tosound.com:3321/preview?file=freesound%2F0%2F384%2F486433.mp3&token=ZnJlZXNvdW5kJTJGMCUyRjM4NCUyRjQ4NjQzMy5tcDM=&sound=audio.mp3
027_004_5dJNq99d.wav,出生时的婴儿循环 &quot; 婴儿出生时的哭声循环 婴儿炸弹,NoiseCollector,Freesound,wav,00:01,185.1 KB,1415 kbps,立体声,44100 Hz,16 bit,&amp;lt;p&amp;gt;可循环的声音片段，在一个男婴出生后立即录制。,https://cdn.tosound.com:3321/preview?file=freesound%2F0%2F87%2F189502.mp3,https://cdn.tosound.com:3321/preview?file=freesound%2F0%2F87%2F189502.mp3&token=ZnJlZXNvdW5kJTJGMCUyRjg3JTJGMTg5NTAyLm1wMw==&sound=audio.mp3
027_005_4VkK485V.wav,生而为人的婴儿循环 &quot; 婴儿出生哭声循环之二,NoiseCollector,Freesound,wav,00:01,302.6 KB,1414 kbps,立体声,44100 Hz,16 bit,&amp;lt;p&amp;gt;可循环的声音片段，在一个男婴出生后立即录制。,https://cdn.tosound.com:3321/preview?file=freesound%2F0%2F87%2F189503.mp3,https://cdn.tosound.com:3321/preview?file=freesound%2F0%2F87%2F189503.mp3&token=ZnJlZXNvdW5kJTJGMCUyRjg3JTJGMTg5NTAzLm1wMw==&sound=audio.mp3
027_006_YVmaxnGV.wav,出生时的婴儿循环 &quot; 婴儿出生时的哭声循环 psychobabykilla,NoiseCollector,Freesound,wav,00:01,174.8 KB,1416 kbps,立体声,44100 Hz,16 bit,&amp;lt;p&amp;gt;可循环的声音片段，在一个男婴出生后立即录制。,https://cdn.tosound.com:3321/preview?file=freesound%2F0%2F87%2F189505.mp3,https://cdn.tosound.com:3321/preview?file=freesound%2F0%2F87%2F189505.mp3&token=ZnJlZXNvdW5kJTJGMCUyRjg3JTJGMTg5NTA1Lm1wMw==&sound=audio.mp3
027_007_grKegPK2.wav,婴儿出生循环 &quot; 婴儿出生哭声循环拉拉队,NoiseCollector,Freesound,wav,00:00,128.6 KB,1417 kbps,立体声,44100 Hz,16 bit,&amp;lt;p&amp;gt;可循环的声音片段，在一个男婴出生后立即录制。,https://cdn.tosound.com:3321/preview?file=freesound%2F0%2F87%2F189506.mp3,https://cdn.tosound.com:3321/preview?file=freesound%2F0%2F87%2F189506.mp3&token=ZnJlZXNvdW5kJTJGMCUyRjg3JTJGMTg5NTA2Lm1wMw==&sound=audio.mp3
027_008_N2XNg0wr.wav,出世的婴儿循环 &quot; 婴儿出生时的哭声循环 震动的声音,NoiseCollector,Freesound,wav,00:01,183.6 KB,1416 kbps,立体声,44100 Hz,16 bit,&amp;lt;p&amp;gt;可循环的声音片段，在一个男婴出生后立即录制。,https://cdn.tosound.com:3321/preview?file=freesound%2F0%2F87%2F189507.mp3,https://cdn.tosound.com:3321/preview?file=freesound%2F0%2F87%2F189507.mp3&token=ZnJlZXNvdW5kJTJGMCUyRjg3JTJGMTg5NTA3Lm1wMw==&sound=audio.mp3
027_009_gra4gxEd.wav,生为婴儿的循环 &quot; 婴儿出生 命运的哭声,NoiseCollector,Freesound,wav,00:00,156 KB,1416 kbps,立体声,44100 Hz,16 bit,&amp;lt;p&amp;gt;可循环的声音片段，在一个男婴出生后立即录制。,https://cdn.tosound.com:3321/preview?file=freesound%2F0%2F87%2F189508.mp3,https://cdn.tosound.com:3321/preview?file=freesound%2F0%2F87%2F189508.mp3&token=ZnJlZXNvdW5kJTJGMCUyRjg3JTJGMTg5NTA4Lm1wMw==&sound=audio.mp3
027_010_wrpxv4Ar.wav,生而为婴儿的循环 &quot; 婴儿出生时的哭声，命运的哭声 bizarromix,NoiseCollector,Freesound,wav,00:01,196.6 KB,1416 kbps,立体声,44100 Hz,16 bit,&amp;lt;p&amp;gt;可循环的声音片段，在一个男婴出生后立即录制。,https://cdn.tosound.com:3321/preview?file=freesound%2F0%2F87%2F189509.mp3,https://cdn.tosound.com:3321/preview?file=freesound%2F0%2F87%2F189509.mp3&token=ZnJlZXNvdW5kJTJGMCUyRjg3JTJGMTg5NTA5Lm1wMw==&sound=audio.mp3
027_011_N21AGYA2.wav,生为婴儿的循环 &quot; 婴儿出生时的哭声，命运的哭泣声，复仇的声音,NoiseCollector,Freesound,wav,00:01,282.8 KB,1414 kbps,立体声,44100 Hz,16 bit,&amp;lt;p&amp;gt;可循环的声音片段，在一个男婴出生后立即录制。,https://cdn.tosound.com:3321/preview?file=freesound%2F0%2F87%2F189510.mp3,https://cdn.tosound.com:3321/preview?file=freesound%2F0%2F87%2F189510.mp3&token=ZnJlZXNvdW5kJTJGMCUyRjg3JTJGMTg5NTEwLm1wMw==&sound=audio.mp3
027_012_YdDEl58r.wav,婴儿出生的循环 &quot; 婴儿出生时的哭声 后来的循环,NoiseCollector,Freesound,wav,00:00,52.7 KB,1429 kbps,立体声,44100 Hz,16 bit,&amp;lt;p&amp;gt;可循环的声音片段，在一个男婴出生后立即录制。,https://cdn.tosound.com:3321/preview?file=freesound%2F0%2F87%2F189512.mp3,https://cdn.tosound.com:3321/preview?file=freesound%2F0%2F87%2F189512.mp3&token=ZnJlZXNvdW5kJTJGMCUyRjg3JTJGMTg5NTEyLm1wMw==&sound=audio.mp3
028_011_Kdqx95p2.wav,婴儿&quot; 婴儿哭声短001 170829 1221,klankbeeld,Freesound,wav,00:00,163.6 KB,2314 kbps,立体声,48000 Hz,24 bit,"宝宝的短暂哭泣。宝宝2个月大。

齿轮链：Sennheiser mkh30 / 50 MS＆gt;声音设备302＆gt; Tascam dr-100 Mk2。解码中间到STEREO

如果这些声音中的任何一个有帮助，并且您感觉很慈善，请考虑捐赠给Freesound以帮助保持网站运行（链接也在主页上）。任何捐款都非常感谢！

如果你使用这个声音，你总是要在你的工作中给我（klankbeeld）和freesound.org打分/归属。请尽可能这样做：https：//freesound.org/people/klankbeeld/Thank you。此声音不得用于（免版税）库存材料。不要将我的原始声音/文件放在youtube或其他任何地方。您可以创造性地将它们用作艺术形式的一部分，但不能“重新分发”为（免版税）库存材料。谢谢。",https://cdn.tosound.com:3321/preview?file=freesound%2F0%2F354%2F456435.mp3,https://cdn.tosound.com:3321/preview?file=freesound%2F0%2F354%2F456435.mp3&token=ZnJlZXNvdW5kJTJGMCUyRjM1NCUyRjQ1NjQzNS5tcDM=&sound=audio.mp3
029_001_4VkAJb5d.wav,婴儿&quot; 婴儿哭声短005 170829 1221,klankbeeld,Freesound,wav,00:00,109.4 KB,2315 kbps,立体声,48000 Hz,24 bit,"小哭/婴儿呻吟。宝宝2个月大。更多在这个包。

齿轮链：Sennheiser mkh30 / 50 MS＆gt;声音设备302＆gt; Tascam dr-100 Mk2。解码中间到STEREO

如果这些声音中的任何一个有帮助，并且您感觉很慈善，请考虑捐赠给Freesound以帮助保持网站运行（链接也在主页上）。任何捐款都非常感谢！

如果你使用这个声音，你总是要在你的工作中给我（klankbeeld）和freesound.org打分/归属。请尽可能这样做：https：//freesound.org/people/klankbeeld/Thank you。此声音不得用于（免版税）库存材料。不要将我的原始声音/文件放在youtube或其他任何地方。您可以创造性地将它们用作艺术形式的一部分，但不能“重新分发”为（免版税）库存材料。谢谢。",https://cdn.tosound.com:3321/preview?file=freesound%2F0%2F387%2F489803.mp3,https://cdn.tosound.com:3321/preview?file=freesound%2F0%2F387%2F489803.mp3&token=ZnJlZXNvdW5kJTJGMCUyRjM4NyUyRjQ4OTgwMy5tcDM=&sound=audio.mp3
029_002_YVo7O4mV.wav,婴儿 &quot; 婴儿哭声短 004 170829 1221,klankbeeld,Freesound,wav,00:00,276.2 KB,2308 kbps,立体声,48000 Hz,24 bit,"小哭/婴儿呻吟。宝宝2个月大。

齿轮链：Sennheiser mkh30 / 50 MS＆gt;声音设备302＆gt; Tascam dr-100 Mk2。解码中间到STEREO

如果这些声音中的任何一个有帮助，并且您感觉很慈善，请考虑捐赠给Freesound以帮助保持网站运行（链接也在主页上）。任何捐款都非常感谢！

如果你使用这个声音，你总是要在你的工作中给我（klankbeeld）和freesound.org打分/归属。请尽可能这样做：https：//freesound.org/people/klankbeeld/Thank you。此声音不得用于（免版税）库存材料。不要将我的原始声音/文件放在youtube或其他任何地方。您可以创造性地将它们用作艺术形式的一部分，但不能“重新分发”为（免版税）库存材料。谢谢。",https://cdn.tosound.com:3321/preview?file=freesound%2F0%2F373%2F476011.mp3,https://cdn.tosound.com:3321/preview?file=freesound%2F0%2F373%2F476011.mp3&token=ZnJlZXNvdW5kJTJGMCUyRjM3MyUyRjQ3NjAxMS5tcDM=&sound=audio.mp3
029_004_3VGG6qEV.wav,婴儿&quot; 婴儿哭声短 003 170829 1221,klankbeeld,Freesound,wav,00:00,171.6 KB,2312 kbps,立体声,48000 Hz,24 bit,"小哭/婴儿呻吟。宝宝2个月大。

齿轮链：Sennheiser mkh30 / 50 MS＆gt;声音设备302＆gt; Tascam dr-100 Mk2。解码中间到STEREO

如果这些声音中的任何一个有帮助，并且您感觉很慈善，请考虑捐赠给Freesound以帮助保持网站运行（链接也在主页上）。任何捐款都非常感谢！

如果你使用这个声音，你总是要在你的工作中给我（klankbeeld）和freesound.org打分/归属。请尽可能这样做：https：//freesound.org/people/klankbeeld/Thank you。此声音不得用于（免版税）库存材料。不要将我的原始声音/文件放在youtube或其他任何地方。您可以创造性地将它们用作艺术形式的一部分，但不能“重新分发”为（免版税）库存材料。谢谢。",https://cdn.tosound.com:3321/preview?file=freesound%2F0%2F355%2F457823.mp3,https://cdn.tosound.com:3321/preview?file=freesound%2F0%2F355%2F457823.mp3&token=ZnJlZXNvdW5kJTJGMCUyRjM1NSUyRjQ1NzgyMy5tcDM=&sound=audio.mp3
029_006_4r7vnAbd.mp3,冲绳，日本 &quot; babycrying,morgantj,Freesound,mp3,00:23,726.6 KB,1378 kbps,立体声,,,&amp;lt;p&amp;gt;一个女婴在哭，因为她想要她的妈妈。&amp;lt;/p&amp;gt。,https://cdn.tosound.com:3321/preview?file=freesound%2F0%2F53%2F155658.mp3,https://cdn.tosound.com:3321/preview?file=freesound%2F0%2F53%2F155658.mp3&token=ZnJlZXNvdW5kJTJGMCUyRjUzJTJGMTU1NjU4Lm1wMw==&sound=audio.mp3
029_009_5dYwa93V.wav,婴儿哭泣声,毒刺骨,耳聆网,wav,00:06,3.3 MB,4608 kbps,立体声,48000 Hz,16 bit,一个婴儿在地铁上哭泣,https://down.ear0.com:3321/index/preview?soundid=20560&type=mp3,"https://down.ear0.com:3321/index/preview?soundid=20560&type=mp3&token=czovL2Rvd24uZWFyMC5jb206MzMyMS9pbmRleC9wcmV2aWV3P3NvdW5kaWQ9MjA1NjAmdHlwZT1t
cDM=&sound=audio.mp3"
032_010_5VePlxGr.wav,婴儿 (thehollywoodedge) &quot; 婴儿哼哼唧唧的哭声 胡夫 PE145601,gumballworld,Freesound,wav,00:15,676 KB,352 kbps,立体声,22050 Hz,16 bit,婴儿呜咽和哭泣，与哈夫和泡芙。,https://cdn.tosound.com:3321/preview?file=freesound%2F0%2F350%2F452637.mp3,https://cdn.tosound.com:3321/preview?file=freesound%2F0%2F350%2F452637.mp3&token=ZnJlZXNvdW5kJTJGMCUyRjM1MCUyRjQ1MjYzNy5tcDM=&sound=audio.mp3
033_005_OVEqxqkV.wav,婴孩的声音 &quot; babycry02,pfly,Freesound,wav,00:08,740.9 KB,709 kbps,立体声,44100 Hz,16 bit,"&amp;lt;p&amp;gt;宝宝（我的，6周岁）在哭（和往常一样）。  三声长哭，中间有几声较短的半哭声或呻吟声。

&amp;lt;p&amp;gt;2006年1月11日，在家里录制的。  AKG C4000B话筒，Macintosh与ProTools LE和Mbox.&amp;lt;/p&amp;gt;

&amp;lt;p&amp;gt;目的是为了记录他有时发出的奇怪的声音，但一旦录音，他就会怯场或什么的。&amp;lt;/p&amp;gt;",https://cdn.tosound.com:3321/preview?file=freesound%2F0%2F12%2F114273.mp3,https://cdn.tosound.com:3321/preview?file=freesound%2F0%2F12%2F114273.mp3&token=ZnJlZXNvdW5kJTJGMCUyRjEyJTJGMTE0MjczLm1wMw==&sound=audio.mp3
033_006_Kdqv9AWr.wav,婴孩的声音 &quot; 婴孩的哭声,pfly,Freesound,wav,00:11,969.8 KB,709 kbps,立体声,44100 Hz,16 bit,&amp;lt;p&amp;gt;宝宝（我的，6周岁）发出咕噜咕噜的哭声。2006年1月12日，在家里录制。AKG C4000B话筒，带ProTools LE和Mbox的Macintosh。 &amp;lt;/p&amp;gt;,https://cdn.tosound.com:3321/preview?file=freesound%2F0%2F12%2F114735.mp3,https://cdn.tosound.com:3321/preview?file=freesound%2F0%2F12%2F114735.mp3&token=ZnJlZXNvdW5kJTJGMCUyRjEyJTJGMTE0NzM1Lm1wMw==&sound=audio.mp3
034_003_NrAZg3RV.mp3,出世 &quot; 婴儿出生的第一时刻 哭泣,NoiseCollector,Freesound,mp3,00:06,248.8 KB,1378 kbps,立体声,,,&amp;lt;p&amp;gt;用DS-40记录的出生的声音。&amp;lt;/p&amp;gt。,https://cdn.tosound.com:3321/preview?file=freesound%2F0%2F87%2F189540.mp3,https://cdn.tosound.com:3321/preview?file=freesound%2F0%2F87%2F189540.mp3&token=ZnJlZXNvdW5kJTJGMCUyRjg3JTJGMTg5NTQwLm1wMw==&sound=audio.mp3
034_004_O2BKgEZd.mp3,出世 &quot; 婴儿出生的第一时刻 哭闹严重,NoiseCollector,Freesound,mp3,00:10,403.7 KB,1378 kbps,立体声,,,&amp;lt;p&amp;gt;用DS-40记录宝宝的第一声啼哭，很严肃。,https://cdn.tosound.com:3321/preview?file=freesound%2F0%2F87%2F189541.mp3,https://cdn.tosound.com:3321/preview?file=freesound%2F0%2F87%2F189541.mp3&token=ZnJlZXNvdW5kJTJGMCUyRjg3JTJGMTg5NTQxLm1wMw==&sound=audio.mp3
034_007_7dPWkwG2.mp3,出世 &quot; 婴儿出生的第一时刻 认真地再哭一次,NoiseCollector,Freesound,mp3,00:12,489.4 KB,1378 kbps,立体声,,,&amp;lt;p&amp;gt;男婴在出生的最初时刻的哭声，用DS-40录制。,https://cdn.tosound.com:3321/preview?file=freesound%2F0%2F87%2F189544.mp3,https://cdn.tosound.com:3321/preview?file=freesound%2F0%2F87%2F189544.mp3&token=ZnJlZXNvdW5kJTJGMCUyRjg3JTJGMTg5NTQ0Lm1wMw==&sound=audio.mp3
036_010_N2XNNODr.aiff,哭泣的婴儿 &quot; Bebe 27 Iz,stevelalonde,Freesound,aiff,00:03,1.1 MB,2327 kbps,立体声,48000 Hz,24 bit,&amp;lt;p&amp;gt;新鲜和哭泣的新生儿。 &amp;lt;br&amp;gt;她大约12小时大。 &amp;lt;/p&amp;gt。,https://cdn.tosound.com:3321/preview?file=freesound%2F0%2F72%2F174895.mp3,https://cdn.tosound.com:3321/preview?file=freesound%2F0%2F72%2F174895.mp3&token=ZnJlZXNvdW5kJTJGMCUyRjcyJTJGMTc0ODk1Lm1wMw==&sound=audio.mp3
036_011_wrpxxbzr.aiff,哭泣的婴儿 &quot; Bebe 28 Iz,stevelalonde,Freesound,aiff,00:03,1 MB,2239 kbps,立体声,48000 Hz,24 bit,&amp;lt;p&amp;gt;新鲜和哭泣的新生儿。 &amp;lt;br&amp;gt;她大约12小时大。 &amp;lt;/p&amp;gt。,https://cdn.tosound.com:3321/preview?file=freesound%2F0%2F72%2F174897.mp3,https://cdn.tosound.com:3321/preview?file=freesound%2F0%2F72%2F174897.mp3&token=ZnJlZXNvdW5kJTJGMCUyRjcyJTJGMTc0ODk3Lm1wMw==&sound=audio.mp3
037_001_YVoWWbXV.aiff,哭泣的婴儿 &quot; Bebe 30 Iz,stevelalonde,Freesound,aiff,00:07,2 MB,2249 kbps,立体声,48000 Hz,24 bit,&amp;lt;p&amp;gt;新鲜和哭泣的新生儿。 &amp;lt;br&amp;gt;她大约12小时大。 &amp;lt;/p&amp;gt。,https://cdn.tosound.com:3321/preview?file=freesound%2F0%2F72%2F174899.mp3,https://cdn.tosound.com:3321/preview?file=freesound%2F0%2F72%2F174899.mp3&token=ZnJlZXNvdW5kJTJGMCUyRjcyJTJGMTc0ODk5Lm1wMw==&sound=audio.mp3
037_002_7dPWWaZ2.aiff,哭泣的婴儿 &quot; Bebe 29 Iz,stevelalonde,Freesound,aiff,00:04,1.2 MB,2238 kbps,立体声,48000 Hz,24 bit,&amp;lt;p&amp;gt;新鲜和哭泣的新生儿。 &amp;lt;br&amp;gt;她大约12小时大。 &amp;lt;/p&amp;gt。,https://cdn.tosound.com:3321/preview?file=freesound%2F0%2F72%2F174900.mp3,https://cdn.tosound.com:3321/preview?file=freesound%2F0%2F72%2F174900.mp3&token=ZnJlZXNvdW5kJTJGMCUyRjcyJTJGMTc0OTAwLm1wMw==&sound=audio.mp3
037_003_vVyRRjk2.aiff,哭泣的婴儿 &quot; Bebe 32 Iz,stevelalonde,Freesound,aiff,00:07,2.1 MB,2356 kbps,立体声,48000 Hz,24 bit,&amp;lt;p&amp;gt;新鲜和哭泣的新生儿。 &amp;lt;br&amp;gt;她大约12小时大。 &amp;lt;/p&amp;gt。,https://cdn.tosound.com:3321/preview?file=freesound%2F0%2F72%2F174901.mp3,https://cdn.tosound.com:3321/preview?file=freesound%2F0%2F72%2F174901.mp3&token=ZnJlZXNvdW5kJTJGMCUyRjcyJTJGMTc0OTAxLm1wMw==&sound=audio.mp3
041_003_7dPWYOn2.wav,01 婴儿哭得很厉害，时间很长,PickleJones,Freesound,wav,01:06,12.1 MB,1531 kbps,立体声,48000 Hz,16 bit,&amp;lt;p&amp;gt;婴儿正在大吵大闹。在制作这段录音时，没有婴儿受到伤害。,https://cdn.tosound.com:3321/preview?file=freesound%2F0%2F133%2F235500.mp3,https://cdn.tosound.com:3321/preview?file=freesound%2F0%2F133%2F235500.mp3&token=ZnJlZXNvdW5kJTJGMCUyRjEzMyUyRjIzNTUwMC5tcDM=&sound=audio.mp3
041_006_5dJDM5jV.wav,180081婴儿哭声01,FST180081,Freesound,wav,00:56,15.6 MB,2314 kbps,立体声,48000 Hz,24 bit,医院的一个婴儿在哭泣时由医生治疗。,https://cdn.tosound.com:3321/preview?file=freesound%2F0%2F388%2F490890.mp3,https://cdn.tosound.com:3321/preview?file=freesound%2F0%2F388%2F490890.mp3&token=ZnJlZXNvdW5kJTJGMCUyRjM4OCUyRjQ5MDg5MC5tcDM=&sound=audio.mp3
041_012_5dYEXkBd.wav,婴儿的声音 &quot; 女婴的哭声,josephvm,Freesound,wav,00:31,11.6 MB,3079 kbps,立体声,48000 Hz,32 bit,三周大女婴哭。使用Samson Go Mic录制并使用Adobe Audition进行后处理以降低噪音。,https://cdn.tosound.com:3321/preview?file=freesound%2F0%2F389%2F491643.mp3,https://cdn.tosound.com:3321/preview?file=freesound%2F0%2F389%2F491643.mp3&token=ZnJlZXNvdW5kJTJGMCUyRjM4OSUyRjQ5MTY0My5tcDM=&sound=audio.mp3
042_005_LrvezaWd.mp3,新生儿哭闹 &quot; 8周大的婴儿哭闹,gumballworld,Freesound,mp3,00:38,302.9 KB,689 kbps,立体声,,,一个八周大的婴儿哭了很长时间,https://cdn.tosound.com:3321/preview?file=freesound%2F0%2F340%2F442315.mp3,https://cdn.tosound.com:3321/preview?file=freesound%2F0%2F340%2F442315.mp3&token=ZnJlZXNvdW5kJTJGMCUyRjM0MCUyRjQ0MjMxNS5tcDM=&sound=audio.mp3
043_008_Y23mPBLr.wav,婴儿哭声1,marder,Freesound,wav,00:05,490 KB,705 kbps,立体声,44100 Hz,16 bit,&amp;lt;p&amp;gt;演员的单声道录音和&amp;quot;Pitch Shift&amp;quot;效果.&amp;lt;/p&amp;gt。,https://cdn.tosound.com:3321/preview?file=freesound%2F0%2F40%2F142872.mp3,https://cdn.tosound.com:3321/preview?file=freesound%2F0%2F40%2F142872.mp3&token=ZnJlZXNvdW5kJTJGMCUyRjQwJTJGMTQyODcyLm1wMw==&sound=audio.mp3
050_008_5VemNKqV.wav,咿呀学语&quot; gurglecry01,pfly,Freesound,wav,00:04,414.8 KB,710 kbps,立体声,44100 Hz,16 bit,&amp;lt;p&amp;gt;宝宝（我的，6周岁）发出咯咯的哭声。在家里录制，2006年1月12日。AKG C4000B话筒，带ProTools LE和Mbox的Macintosh。 &amp;lt;/p&amp;gt;,https://cdn.tosound.com:3321/preview?file=freesound%2F0%2F12%2F114737.mp3,https://cdn.tosound.com:3321/preview?file=freesound%2F0%2F12%2F114737.mp3&token=ZnJlZXNvdW5kJTJGMCUyRjEyJTJGMTE0NzM3Lm1wMw==&sound=audio.mp3
050_009_7d90xeJ2.wav,咿呀学语 &quot; gurglecry02,pfly,Freesound,wav,00:08,749.8 KB,709 kbps,立体声,44100 Hz,16 bit,&amp;lt;p&amp;gt;宝宝（我的，6周岁）发出快乐的翼龙宝宝的声音。在家里录制，2006年1月12日。AKG C4000B话筒，带ProTools LE和Mbox的Macintosh。 &amp;lt;/p&amp;gt;,https://cdn.tosound.com:3321/preview?file=freesound%2F0%2F12%2F114739.mp3,https://cdn.tosound.com:3321/preview?file=freesound%2F0%2F12%2F114739.mp3&token=ZnJlZXNvdW5kJTJGMCUyRjEyJTJGMTE0NzM5Lm1wMw==&sound=audio.mp3
052_001_odzzeznd.aiff,婴儿b哭闹 1-2,quigley_paul,Freesound,aiff,00:39,7.3 MB,1543 kbps,立体声,48000 Hz,16 bit,录音：我4个月大的宝宝在她的卧室里哭，因为她想睡着。她开始时很紧张，然后开始变得温和起来。&amp;lt;br&amp;gt;用硬盘录像机录制，48K 24bit&amp;lt;/p&amp;gt。,https://cdn.tosound.com:3321/preview?file=freesound%2F0%2F103%2F205326.mp3,https://cdn.tosound.com:3321/preview?file=freesound%2F0%2F103%2F205326.mp3&token=ZnJlZXNvdW5kJTJGMCUyRjEwMyUyRjIwNTMyNi5tcDM=&sound=audio.mp3
052_003_pd5X97L2.wav,JM HUMAN婴儿01b - 哭泣,Julien Matthey,Freesound,wav,00:39,6.7 MB,1417 kbps,立体声,44100 Hz,16 bit,&amp;lt;p&amp;gt;婴儿的哭声，与房间的小混响&amp;lt;/p&amp;gt。,https://cdn.tosound.com:3321/preview?file=freesound%2F0%2F146%2F248931.mp3,https://cdn.tosound.com:3321/preview?file=freesound%2F0%2F146%2F248931.mp3&token=ZnJlZXNvdW5kJTJGMCUyRjE0NiUyRjI0ODkzMS5tcDM=&sound=audio.mp3
052_008_WrxGKaOd.wav,孩子哭闹,BeeProductive,Freesound,wav,01:13,20.1 MB,2309 kbps,立体声,48000 Hz,24 bit,一个孩子在房子外面记录的房子里哭泣,https://cdn.tosound.com:3321/preview?file=freesound%2F0%2F378%2F480321.mp3,https://cdn.tosound.com:3321/preview?file=freesound%2F0%2F378%2F480321.mp3&token=ZnJlZXNvdW5kJTJGMCUyRjM3OCUyRjQ4MDMyMS5tcDM=&sound=audio.mp3
052_010_eVMeK6gV.wav,婴儿的喃喃自语&quot; clippedbabelcry,NoiseCollector,Freesound,wav,00:06,521.6 KB,706 kbps,立体声,44100 Hz,16 bit,&amp;lt;p&amp;gt;9个月大的男婴发出各种婴儿的声音，发声，以及实际的婴儿行为表演。暗示暗示，谁给我买个有更好的前置放大器的录音机。它是为了给婴儿留下回忆，真的。&amp;lt;/p&amp;gt;,https://cdn.tosound.com:3321/preview?file=freesound%2F0%2F102%2F204525.mp3,https://cdn.tosound.com:3321/preview?file=freesound%2F0%2F102%2F204525.mp3&token=ZnJlZXNvdW5kJTJGMCUyRjEwMiUyRjIwNDUyNS5tcDM=&sound=audio.mp3
055_011_KdqxO3B2.wav,加沙 &quot; 医院婴儿哭着缝针，医生用阿拉伯文交谈 加沙 2016年,kyles,Freesound,wav,09:49,82.2 MB,1169 kbps,立体声,48000 Hz,24 bit,医院婴儿哭着得到针与医生交谈阿拉伯加沙2016.wav,https://preview.tosound.com:3321/preview?file=freesound%2F0%2F357%2F459435.mp3,https://preview.tosound.com:3321/preview?file=freesound%2F0%2F357%2F459435.mp3&token=ZnJlZXNvdW5kJTJGMCUyRjM1NyUyRjQ1OTQzNS5tcDM=&sound=audio.mp3
056_001_wrpoa0ld.wav,小孩哭闹着打嗝,穿山鼠,耳聆网,wav,00:38,7.01 MB,1536 kbps,立体声,48000 Hz,16 bit,小孩哭闹着打嗝。 制作这个录音没有任何婴儿受到伤害。,https://down.ear0.com:3321/index/preview?soundid=20865&type=mp3,"https://down.ear0.com:3321/index/preview?soundid=20865&type=mp3&token=czovL2Rvd24uZWFyMC5jb206MzMyMS9pbmRleC9wcmV2aWV3P3NvdW5kaWQ9MjA4NjUmdHlwZT1t
cDM=&sound=audio.mp3"
061_002_KdqZXDAr.wav,哭泣的婴儿,Charlee,耳聆网,wav,00:39,6.68 MB,1411 kbps,立体声,44100 Hz,16 bit,哭泣的小宝宝，包含有房间的小混响,https://down.ear0.com:3321/index/preview?soundid=19303&type=mp3,"https://down.ear0.com:3321/index/preview?soundid=19303&type=mp3&token=czovL2Rvd24uZWFyMC5jb206MzMyMS9pbmRleC9wcmV2aWV3P3NvdW5kaWQ9MTkzMDMmdHlwZT1t
cDM=&sound=audio.mp3"
061_003_grKG3N0r.wav,婴儿大声哭闹,穿山鼠,耳聆网,wav,00:10,1.98 MB,1536 kbps,立体声,48000 Hz,16 bit,另一个宝宝大声哭闹的剪辑。 制作这个录音没有任何婴儿受到伤害。,https://down.ear0.com:3321/index/preview?soundid=20862&type=mp3,"https://down.ear0.com:3321/index/preview?soundid=20862&type=mp3&token=czovL2Rvd24uZWFyMC5jb206MzMyMS9pbmRleC9wcmV2aWV3P3NvdW5kaWQ9MjA4NjImdHlwZT1t
cDM=&sound=audio.mp3"
061_004_grael6Kr.wav,宝宝大声哭闹,穿山鼠,耳聆网,wav,01:06,12.13 MB,1536 kbps,立体声,48000 Hz,16 bit,宝宝大声哭闹的剪辑。 制作这个录音没有任何婴儿受到伤害。,https://down.ear0.com:3321/index/preview?soundid=20864&type=mp3,"https://down.ear0.com:3321/index/preview?soundid=20864&type=mp3&token=czovL2Rvd24uZWFyMC5jb206MzMyMS9pbmRleC9wcmV2aWV3P3NvdW5kaWQ9MjA4NjQmdHlwZT1t
cDM=&sound=audio.mp3"
062_010_nVLAMgb2.wav,婴儿哭声减弱了,tomhannen,Freesound,wav,00:48,4.1 MB,715 kbps,立体声,44100 Hz,16 bit,12天大的男婴哭了，减速了16个半音，没有时间校正,https://cdn.tosound.com:3321/preview?file=freesound%2F0%2F211%2F313162.mp3,https://cdn.tosound.com:3321/preview?file=freesound%2F0%2F211%2F313162.mp3&token=ZnJlZXNvdW5kJTJGMCUyRjIxMSUyRjMxMzE2Mi5tcDM=&sound=audio.mp3
064_008_N2X9xKbd.wav,婴儿哭声--音调变了,vanoosbree,Freesound,wav,02:04,31.3 MB,2116 kbps,立体声,44100 Hz,24 bit,6个月大的哭泣，并下降了几个八度。放大H4N Pro,https://cdn.tosound.com:3321/preview?file=freesound%2F0%2F331%2F433195.mp3,https://cdn.tosound.com:3321/preview?file=freesound%2F0%2F331%2F433195.mp3&token=ZnJlZXNvdW5kJTJGMCUyRjMzMSUyRjQzMzE5NS5tcDM=&sound=audio.mp3
069_012_4VgXl1O2.wav,哭声,doobit,Freesound,wav,00:04,897.7 KB,1536 kbps,立体声,48000 Hz,16 bit,哭声在海地Citie Soleil市内的一个婴儿哭泣的简短片段。48KHZ立体声样本。我认为它应该是可以循环的。,https://cdn.tosound.com:3321/preview?file=freesound%2F0%2F42%2F144871.mp3,https://cdn.tosound.com:3321/preview?file=freesound%2F0%2F42%2F144871.mp3&token=ZnJlZXNvdW5kJTJGMCUyRjQyJTJGMTQ0ODcxLm1wMw==&sound=audio.mp3
070_002_N21jzp5d.wav,宝宝 &quot; 宝宝哭了 2,reinsamba,Freesound,wav,00:03,543.5 KB,1411 kbps,立体声,44100 Hz,16 bit,&amp;lt;p&amp;gt;我的女儿夏洛特，两周前出生，不同类型的哭泣。Vivanco EM35，Marantz PMD 671.&amp;lt;/p&amp;gt。,https://cdn.tosound.com:3321/preview?file=freesound%2F0%2F30%2F132154.mp3,https://cdn.tosound.com:3321/preview?file=freesound%2F0%2F30%2F132154.mp3&token=ZnJlZXNvdW5kJTJGMCUyRjMwJTJGMTMyMTU0Lm1wMw==&sound=audio.mp3
070_003_YVova6Yr.wav,宝宝 &quot; 宝宝哭了 3,reinsamba,Freesound,wav,00:05,1014.4 KB,1411 kbps,立体声,44100 Hz,16 bit,&amp;lt;p&amp;gt;我的女儿夏洛特，两周前出生，不同类型的哭泣。Vivanco EM35，Marantz PMD 671.&amp;lt;/p&amp;gt。,https://cdn.tosound.com:3321/preview?file=freesound%2F0%2F30%2F132155.mp3,https://cdn.tosound.com:3321/preview?file=freesound%2F0%2F30%2F132155.mp3&token=ZnJlZXNvdW5kJTJGMCUyRjMwJTJGMTMyMTU1Lm1wMw==&sound=audio.mp3
070_004_lr0qEapV.wav,宝宝 &quot; 宝宝哭了 5,reinsamba,Freesound,wav,00:11,1.9 MB,1390 kbps,立体声,44100 Hz,16 bit,&amp;lt;p&amp;gt;我的女儿夏洛特，两周前出生，不同类型的哭泣。Vivanco EM35，Marantz PMD 671.&amp;lt;/p&amp;gt。,https://cdn.tosound.com:3321/preview?file=freesound%2F0%2F30%2F132157.mp3,https://cdn.tosound.com:3321/preview?file=freesound%2F0%2F30%2F132157.mp3&token=ZnJlZXNvdW5kJTJGMCUyRjMwJTJGMTMyMTU3Lm1wMw==&sound=audio.mp3
070_007_wrpAzLjV.wav,婴儿和儿童 单声道和立体声 &quot; 01014 女婴哭泣 6,Robinhood76,Freesound,wav,00:08,1.4 MB,1416 kbps,立体声,44100 Hz,16 bit,&amp;lt;p&amp;gt;女婴正在哭喊由Zoom H2&amp;lt;/p&amp;gt。,https://cdn.tosound.com:3321/preview?file=freesound%2F0%2F64%2F166353.mp3,https://cdn.tosound.com:3321/preview?file=freesound%2F0%2F64%2F166353.mp3&token=ZnJlZXNvdW5kJTJGMCUyRjY0JTJGMTY2MzUzLm1wMw==&sound=audio.mp3
071_006_OVEExGzV.wav,baby-crying-1 (sounds-AT-ermfilm pl),ermfilm,Freesound,wav,00:18,3.4 MB,1548 kbps,立体声,48000 Hz,16 bit,&amp;lt;p&amp;gt;使用Zoom H4-n进行录音。立体声，48kHz，16bit.&amp;lt;/p&amp;gt。,https://cdn.tosound.com:3321/preview?file=freesound%2F0%2F97%2F199429.mp3,https://cdn.tosound.com:3321/preview?file=freesound%2F0%2F97%2F199429.mp3&token=ZnJlZXNvdW5kJTJGMCUyRjk3JTJGMTk5NDI5Lm1wMw==&sound=audio.mp3
071_007_YdDERAor.mp3,宝宝1-4个月 &quot; Babycrycoughmay27,NoiseCollector,Freesound,mp3,01:17,3 MB,1378 kbps,立体声,,,咳嗽和烦躁的声音。咳嗽和烦躁不安。,https://cdn.tosound.com:3321/preview?file=freesound%2F0%2F96%2F198256.mp3,https://cdn.tosound.com:3321/preview?file=freesound%2F0%2F96%2F198256.mp3&token=ZnJlZXNvdW5kJTJGMCUyRjk2JTJGMTk4MjU2Lm1wMw==&sound=audio.mp3
077_002_7d96OANr.mp3,孩子哭声,叶子yzzzzzzzz,耳聆网,mp3,00:16,268.34 KB,128 kbps,立体声,48000 Hz,,小孩的哭声,https://down.ear0.com:3321/index/preview?soundid=36349&type=mp3,"https://down.ear0.com:3321/index/preview?soundid=36349&type=mp3&token=czovL2Rvd24uZWFyMC5jb206MzMyMS9pbmRleC9wcmV2aWV3P3NvdW5kaWQ9MzYzNDkmdHlwZT1t
cDM=&sound=audio.mp3"
077_003_N2XkX1lV.wav,宝宝大声哭闹（有点累了）,穿山鼠,耳聆网,wav,00:19,3.54 MB,1536 kbps,立体声,48000 Hz,16 bit,宝宝大声哭闹（有点累了）的声音剪辑。 制作这个录音没有任何婴儿受到伤害。,https://down.ear0.com:3321/index/preview?soundid=20863&type=mp3,"https://down.ear0.com:3321/index/preview?soundid=20863&type=mp3&token=czovL2Rvd24uZWFyMC5jb206MzMyMS9pbmRleC9wcmV2aWV3P3NvdW5kaWQ9MjA4NjMmdHlwZT1t
cDM=&sound=audio.mp3"
078_006_e2wXaAmd.wav,收集婴儿的声音 - 笑声、哭声和随机声音,k3pp,Freesound,wav,02:51,15.7 MB,768 kbps,立体声,48000 Hz,16 bit,我用我的诺基亚N97手机录制了一组婴儿的声音（不是最好的音频质量，但可用于许多目的）。这些声音是在不同的时段、不同的环境和两个孩子的情况下录制的（其中一个婴儿在大多数情况下不到1岁，一个小女孩有3岁）。主要是笑声，但也有一些呼吸声，随机的噪音，哭声等。未经处理的音频。只是剪下了近一年的录音。&amp;lt;/p&amp;gt;,https://cdn.tosound.com:3321/preview?file=freesound%2F0%2F150%2F252148.mp3,https://cdn.tosound.com:3321/preview?file=freesound%2F0%2F150%2F252148.mp3&token=ZnJlZXNvdW5kJTJGMCUyRjE1MCUyRjI1MjE0OC5tcDM=&sound=audio.mp3
078_007_4r7ojzbr.wav,生命的声音 &quot; 一个可怜的哭泣的婴儿,strathamer,Freesound,wav,00:54,10.1 MB,1540 kbps,立体声,48000 Hz,16 bit,"这是我可怜的宝宝在哭，因为她饿了...

用我的Tascam DR-40录制，在Audacity中进行标准化和编辑。",https://cdn.tosound.com:3321/preview?file=freesound%2F0%2F367%2F469158.mp3,https://cdn.tosound.com:3321/preview?file=freesound%2F0%2F367%2F469158.mp3&token=ZnJlZXNvdW5kJTJGMCUyRjM2NyUyRjQ2OTE1OC5tcDM=&sound=audio.mp3
079_011_BdnD7kQV.wav,萨米哭了&quot; 婴儿笑哭,gumballworld,Freesound,wav,00:04,190 KB,352 kbps,立体声,22050 Hz,16 bit,萨米笑着哭泣,https://cdn.tosound.com:3321/preview?file=freesound%2F0%2F341%2F443378.mp3,https://cdn.tosound.com:3321/preview?file=freesound%2F0%2F341%2F443378.mp3&token=ZnJlZXNvdW5kJTJGMCUyRjM0MSUyRjQ0MzM3OC5tcDM=&sound=audio.mp3
084_001_ArQWElg2.wav,2013年 &quot; 哭泣的婴儿,ciccarelli,Freesound,wav,01:12,13.3 MB,1530 kbps,立体声,48000 Hz,16 bit,&amp;lt;p&amp;gt;宝宝哭是因为他很累。&amp;lt;/p&amp;gt。,https://cdn.tosound.com:3321/preview?file=freesound%2F0%2F162%2F264964.mp3,https://cdn.tosound.com:3321/preview?file=freesound%2F0%2F162%2F264964.mp3&token=ZnJlZXNvdW5kJTJGMCUyRjE2MiUyRjI2NDk2NC5tcDM=&sound=audio.mp3
084_007_8djvzA5d.wav,BABIE S and KID S 单声道和立体声 &quot; 00255 婴儿哭声长 1,Robinhood76,Freesound,wav,01:22,13.9 MB,1413 kbps,立体声,44100 Hz,16 bit,&amp;lt;p&amp;gt;一周大的女儿在换餐巾时长时间大声哭闹，有时她轻轻碰一下Zoom H2，后置话筒记录下来。,https://cdn.tosound.com:3321/preview?file=freesound%2F0%2F52%2F154874.mp3,https://cdn.tosound.com:3321/preview?file=freesound%2F0%2F52%2F154874.mp3&token=ZnJlZXNvdW5kJTJGMCUyRjUyJTJGMTU0ODc0Lm1wMw==&sound=audio.mp3
084_011_3VGGRL3V.wav,Sami crying &quot; 2 yrs old boy cries and screams short,gumballworld,Freesound,wav,00:07,309 KB,352 kbps,立体声,22050 Hz,16 bit,萨米在脱掉玩具时生气了,https://cdn.tosound.com:3321/preview?file=freesound%2F0%2F341%2F443367.mp3,https://cdn.tosound.com:3321/preview?file=freesound%2F0%2F341%2F443367.mp3&token=ZnJlZXNvdW5kJTJGMCUyRjM0MSUyRjQ0MzM2Ny5tcDM=&sound=audio.mp3
085_007_wrWbOgwd.wav,BABIE S and KID S mono and stereo &quot; 00435 baby crying long 2,Robinhood76,Freesound,wav,00:54,4.5 MB,697 kbps,立体声,44100 Hz,16 bit,&amp;lt;p&amp;gt;小Karina哭了:( rec by zoom H2&amp;lt;/p&amp;gt;,https://cdn.tosound.com:3321/preview?file=freesound%2F0%2F55%2F157238.mp3,https://cdn.tosound.com:3321/preview?file=freesound%2F0%2F55%2F157238.mp3&token=ZnJlZXNvdW5kJTJGMCUyRjU1JTJGMTU3MjM4Lm1wMw==&sound=audio.mp3
085_010_pd5KYwKV.mp3,4天的新生儿哭闹,hutsvoid,Freesound,mp3,00:43,1.7 MB,1378 kbps,立体声,,,&amp;lt;p&amp;gt;记录于2012年9月。一个新生儿和它特有的哭声。&amp;lt;/p&amp;gt;,https://cdn.tosound.com:3321/preview?file=freesound%2F0%2F172%2F274431.mp3,https://cdn.tosound.com:3321/preview?file=freesound%2F0%2F172%2F274431.mp3&token=ZnJlZXNvdW5kJTJGMCUyRjE3MiUyRjI3NDQzMS5tcDM=&sound=audio.mp3
089_008_02ZGJ3wd.wav,乌干达 &quot; 村庄 中等人群 小屋之间的土院子 很多孩子 孩子和哭泣的婴儿 普蒂，乌干达，非洲 2016年,kyles,Freesound,wav,09:08,305.8 MB,4680 kbps,立体声,96000 Hz,24 bit,村庄中等人群土小屋之间的小屋很多儿童孩子和哭泣的婴儿普蒂，乌干达，非洲2016.wav,https://preview.tosound.com:3321/preview?file=freesound%2F0%2F358%2F460061.mp3,https://preview.tosound.com:3321/preview?file=freesound%2F0%2F358%2F460061.mp3&token=ZnJlZXNvdW5kJTJGMCUyRjM1OCUyRjQ2MDA2MS5tcDM=&sound=audio.mp3
093_009_NrAm7Qor.mp3,2013-2014年的新唱片 &quot; 婴儿哭声在飞翔,milton.,Freesound,mp3,01:34,1.8 MB,1378 kbps,立体声,,,在娇小的驯服312与目的地基多，一个婴儿拼命哭泣没有人帮助他，记录在2013年12月28日，olypus dm-520录音机,https://cdn.tosound.com:3321/preview?file=freesound%2F0%2F211%2F313540.mp3,https://cdn.tosound.com:3321/preview?file=freesound%2F0%2F211%2F313540.mp3&token=ZnJlZXNvdW5kJTJGMCUyRjIxMSUyRjMxMzU0MC5tcDM=&sound=audio.mp3
093_011_Y23o4wx2.wav,萨米哭了 &quot; 2岁的男孩哭着喊着生气了,gumballworld,Freesound,wav,00:16,728.6 KB,352 kbps,立体声,22050 Hz,16 bit,萨米心烦意乱,https://cdn.tosound.com:3321/preview?file=freesound%2F0%2F341%2F443372.mp3,https://cdn.tosound.com:3321/preview?file=freesound%2F0%2F341%2F443372.mp3&token=ZnJlZXNvdW5kJTJGMCUyRjM0MSUyRjQ0MzM3Mi5tcDM=&sound=audio.mp3
093_012_OVEklGLd.wav,Sami crying &quot; 2 yrs old boy cries loud,gumballworld,Freesound,wav,00:06,267.8 KB,352 kbps,立体声,22050 Hz,16 bit,让萨米哭了起来,https://cdn.tosound.com:3321/preview?file=freesound%2F0%2F341%2F443373.mp3,https://cdn.tosound.com:3321/preview?file=freesound%2F0%2F341%2F443373.mp3&token=ZnJlZXNvdW5kJTJGMCUyRjM0MSUyRjQ0MzM3My5tcDM=&sound=audio.mp3
094_003_odzwjwzr.wav,婴孩的声音 &quot; babycry01,pfly,Freesound,wav,00:13,1.2 MB,721 kbps,立体声,44100 Hz,16 bit,"&amp;lt;p&amp;gt;宝宝（我的，6周岁）在哭（和往常一样）。一声短的哭声之后是三声较长的哭声，然后是一点暴躁的呻吟声&amp;lt;/p&amp;gt。

&amp;lt;p&amp;gt;在家里录制，2006年1月11日。  AKG C4000B话筒，Macintosh与ProTools LE和Mbox.&amp;lt;/p&amp;gt;

&amp;lt;p&amp;gt;目的是为了记录他有时发出的奇怪的声音，但一旦录音，他就会怯场或什么的。&amp;lt;/p&amp;gt;",https://cdn.tosound.com:3321/preview?file=freesound%2F0%2F12%2F114270.mp3,https://cdn.tosound.com:3321/preview?file=freesound%2F0%2F12%2F114270.mp3&token=ZnJlZXNvdW5kJTJGMCUyRjEyJTJGMTE0MjcwLm1wMw==&sound=audio.mp3
094_004_Y23mpmLr.wav,婴孩的声音 &quot; babycry03,pfly,Freesound,wav,00:05,488.2 KB,710 kbps,立体声,44100 Hz,16 bit,"&amp;lt;p&amp;gt;宝宝（我的，6周岁）在哭。四次相对安静的哭声。&amp;lt;br&amp;gt; &amp;lt;br&amp;gt;2006年1月11日，在家里录制的。AKG C4000B话筒，带ProTools LE和Mbox的Macintosh。 &amp;lt;/p&amp;gt;

&amp;lt;p&amp;gt;目的是为了记录他有时发出的奇怪的声音，但一旦录音，他就会怯场或什么的。&amp;lt;/p&amp;gt;",https://cdn.tosound.com:3321/preview?file=freesound%2F0%2F12%2F114272.mp3,https://cdn.tosound.com:3321/preview?file=freesound%2F0%2F12%2F114272.mp3&token=ZnJlZXNvdW5kJTJGMCUyRjEyJTJGMTE0MjcyLm1wMw==&sound=audio.mp3
094_005_72NWKWyd.wav,婴孩的声音 &quot; babycry06,pfly,Freesound,wav,00:09,826.3 KB,709 kbps,立体声,44100 Hz,16 bit,"&amp;lt;p&amp;gt;宝宝（我的，6周岁）在哭。  较小的哭声变成较大的长哭声。  橡皮奶嘴的声音，然后通过橡皮奶嘴发出咕噜咕噜的哭声，&amp;lt;/p&amp;gt;

&amp;lt;p&amp;gt;2006年1月11日，在家里录制的。AKG C4000B话筒，带ProTools LE和Mbox的Macintosh。 &amp;lt;/p&amp;gt;

&amp;lt;p&amp;gt;目的是为了记录他有时发出的奇怪的声音，但一旦录音，他就会怯场或什么的。&amp;lt;/p&amp;gt;",https://cdn.tosound.com:3321/preview?file=freesound%2F0%2F12%2F114277.mp3,https://cdn.tosound.com:3321/preview?file=freesound%2F0%2F12%2F114277.mp3&token=ZnJlZXNvdW5kJTJGMCUyRjEyJTJGMTE0Mjc3Lm1wMw==&sound=audio.mp3
097_002_8djYxBG2.wav,哭泣的婴儿小提琴,DustHill,looperman,wav,00:10,1.79 MB,1411 kbps,立体声,44100 Hz,16 bit,他的作品是用俯仰法制作的，使用的是合理的小提琴。,https://cdn.tosound.com:3321/preview?file=looperman%2F0%2F8%2F522174.mp3,https://cdn.tosound.com:3321/preview?file=looperman%2F0%2F8%2F522174.mp3&token=bG9vcGVybWFuJTJGMCUyRjglMkY1MjIxNzQubXAz&sound=audio.mp3
098_005_graynkWr.wav,秘鲁 &quot; 居民区围墙内的小巷十字路口远处的交通，附近的妇女带着哭闹的婴儿在擦洗和交谈，人们通过一个,kyles,Freesound,wav,04:26,148.6 MB,4682 kbps,立体声,96000 Hz,24 bit,住宅围墙胡同交叉口远处交通附近妇女与哭泣婴儿擦洗和说话+人通和狗皮中间库斯科，秘鲁，南美洲,https://preview.tosound.com:3321/preview?file=freesound%2F0%2F364%2F466408.mp3,https://preview.tosound.com:3321/preview?file=freesound%2F0%2F364%2F466408.mp3&token=ZnJlZXNvdW5kJTJGMCUyRjM2NCUyRjQ2NjQwOC5tcDM=&sound=audio.mp3
098_006_O2BPA8Or.wav,加沙 &quot; Al Shifa医院分诊室 忙碌的阿拉伯人的声音和沙子的台阶运动05角落更开放的反向视角+哭泣的婴儿,kyles,Freesound,wav,01:17,21.6 MB,2343 kbps,立体声,48000 Hz,24 bit,Al Shifa医院分流忙阿拉伯语声音和沙步运动05角更开放反向透视+哭泣婴儿加沙2016.wav,https://cdn.tosound.com:3321/preview?file=freesound%2F0%2F357%2F459285.mp3,https://cdn.tosound.com:3321/preview?file=freesound%2F0%2F357%2F459285.mp3&token=ZnJlZXNvdW5kJTJGMCUyRjM1NyUyRjQ1OTI4NS5tcDM=&sound=audio.mp3
098_010_Bdnvoy9d.flac,babycry2,n2p5,Freesound,flac,00:41,2.1 MB,428 kbps,立体声,44100 Hz,16 bit,&amp;lt;p&amp;gt;这是我去年为一个节目录制的一个哭闹的婴儿的较短和较多动作的版本。我认为分享它是件好事。我是用AKG C3000的DAT录音机录制的。&amp;lt;/p&amp;gt;,https://cdn.tosound.com:3321/preview?file=freesound%2F0%2F25%2F127134.mp3,https://cdn.tosound.com:3321/preview?file=freesound%2F0%2F25%2F127134.mp3&token=ZnJlZXNvdW5kJTJGMCUyRjI1JTJGMTI3MTM0Lm1wMw==&sound=audio.mp3
099_006_LrvGwEWV.wav,纽约市地铁的声音 &quot; 纽约市环境地铁的婴儿哭声和暴躁的男人,Vortichez,Freesound,wav,01:41,37.2 MB,3076 kbps,立体声,96000 Hz,16 bit,几个车站乘坐纽约地铁。包括一个哭闹的婴儿，脾气暴躁的男人和其他一些乘客的噪音。放大H1,https://cdn.tosound.com:3321/preview?file=freesound%2F0%2F294%2F396115.mp3,https://cdn.tosound.com:3321/preview?file=freesound%2F0%2F294%2F396115.mp3&token=ZnJlZXNvdW5kJTJGMCUyRjI5NCUyRjM5NjExNS5tcDM=&sound=audio.mp3
099_007_vVyzOMO2.wav,加沙 &quot; Al Shifa医院分诊室忙碌的阿拉伯声音和沙质台阶运动09角不同角度+一些哭泣的婴儿加沙201,kyles,Freesound,wav,02:52,48.2 MB,2341 kbps,立体声,48000 Hz,24 bit,Al Shifa医院分流忙阿拉伯语声音和沙步运动09角不同角度+一些哭泣的婴儿加沙2016.wav,https://cdn.tosound.com:3321/preview?file=freesound%2F0%2F357%2F459289.mp3,https://cdn.tosound.com:3321/preview?file=freesound%2F0%2F357%2F459289.mp3&token=ZnJlZXNvdW5kJTJGMCUyRjM1NyUyRjQ1OTI4OS5tcDM=&sound=audio.mp3
103_010_7d9GAZeV.wav,加沙 &quot; Al Shifa医院分诊室 忙碌的阿拉伯人的声音和沙子的台阶 movement07角落更开放的反向视角+哭泣的婴儿,kyles,Freesound,wav,00:51,14.3 MB,2348 kbps,立体声,48000 Hz,24 bit,Al Shifa医院分流忙阿拉伯语声音和沙步运动07角落更开放反向透视+哭泣婴儿加沙2016.wav,https://cdn.tosound.com:3321/preview?file=freesound%2F0%2F357%2F459283.mp3,https://cdn.tosound.com:3321/preview?file=freesound%2F0%2F357%2F459283.mp3&token=ZnJlZXNvdW5kJTJGMCUyRjM1NyUyRjQ1OTI4My5tcDM=&sound=audio.mp3
105_006_e2wRAoBV.wav,2016 2017 &quot; KADDOURI Laila 2016 2017 Babycry,iut_Paris8,Freesound,wav,00:03,288.9 KB,768 kbps,立体声,48000 Hz,16 bit,我录制我2个月前的堂兄哭了。我添加了几个效果，例如加速，以创造一个压力的氛围，我增加低音+3并减少声音。,https://cdn.tosound.com:3321/preview?file=freesound%2F0%2F343%2F445292.mp3,https://cdn.tosound.com:3321/preview?file=freesound%2F0%2F343%2F445292.mp3&token=ZnJlZXNvdW5kJTJGMCUyRjM0MyUyRjQ0NTI5Mi5tcDM=&sound=audio.mp3
105_008_8djvbvYd.wav,婴孩的声音 &quot; babycry04,pfly,Freesound,wav,00:06,597.5 KB,709 kbps,立体声,44100 Hz,16 bit,"&amp;lt;p&amp;gt;宝宝（我的，6周岁）在哭。两声噼里啪啦的半哭半闹声&amp;lt;br&amp;gt;接着是短促的断断续续的哭声，一声比一声大，还有一些&amp;lt;br&amp;gt;呻吟声&amp;lt;/p&amp;gt。

&amp;lt;p&amp;gt;在家里录制，2006年1月11日。AKG C4000B话筒，Macintosh与ProTools LE和Mbox.&amp;lt;/p&amp;gt;

&amp;lt;p&amp;gt;目的是为了记录他有时发出的奇怪的声音，但一旦录音，他就会怯场或什么的。&amp;lt;/p&amp;gt;",https://cdn.tosound.com:3321/preview?file=freesound%2F0%2F12%2F114274.mp3,https://cdn.tosound.com:3321/preview?file=freesound%2F0%2F12%2F114274.mp3&token=ZnJlZXNvdW5kJTJGMCUyRjEyJTJGMTE0Mjc0Lm1wMw==&sound=audio.mp3
105_010_e2wPkl7d.aiff,室内环境 大厅 婴儿哭声的背景,dcaudio,Freesound,aiff,00:48,8.9 MB,1540 kbps,立体声,48000 Hz,16 bit,&amp;lt;p&amp;gt;室内氛围 大厅婴儿哭声的背景&amp;lt;/p&amp;gt。,https://cdn.tosound.com:3321/preview?file=freesound%2F0%2F15%2F117248.mp3,https://cdn.tosound.com:3321/preview?file=freesound%2F0%2F15%2F117248.mp3&token=ZnJlZXNvdW5kJTJGMCUyRjE1JTJGMTE3MjQ4Lm1wMw==&sound=audio.mp3
106_003_OVEqoYkV.wav,Chimerae &quot; babycryCYMBOL,bgygi,Freesound,wav,00:03,285.9 KB,705 kbps,立体声,44100 Hz,16 bit,&amp;lt;p&amp;gt;这个嵌合体结合了铙钹的长期频谱和婴儿哭声的时间包络。  在研究中，听众有一种适度的倾向，说它听起来更像铙钹（光谱优势）&amp;lt;/p&amp;gt。,https://cdn.tosound.com:3321/preview?file=freesound%2F0%2F37%2F139573.mp3,https://cdn.tosound.com:3321/preview?file=freesound%2F0%2F37%2F139573.mp3&token=ZnJlZXNvdW5kJTJGMCUyRjM3JTJGMTM5NTczLm1wMw==&sound=audio.mp3
106_006_BdnpeeEV.wav,哭泣的新生儿 &quot; 哭泣的新生儿 4,the_yura,Freesound,wav,00:54,20.1 MB,3068 kbps,立体声,96000 Hz,16 bit,使用Zoom H1记录哭泣的新生儿,https://cdn.tosound.com:3321/preview?file=freesound%2F0%2F183%2F285278.mp3,https://cdn.tosound.com:3321/preview?file=freesound%2F0%2F183%2F285278.mp3&token=ZnJlZXNvdW5kJTJGMCUyRjE4MyUyRjI4NTI3OC5tcDM=&sound=audio.mp3
106_007_4d4411Od.wav,哭泣的新生儿 &quot; 哭泣的新生儿 2,the_yura,Freesound,wav,00:23,3.9 MB,1416 kbps,立体声,44100 Hz,16 bit,哭泣的新生儿宝宝,https://cdn.tosound.com:3321/preview?file=freesound%2F0%2F183%2F285280.mp3,https://cdn.tosound.com:3321/preview?file=freesound%2F0%2F183%2F285280.mp3&token=ZnJlZXNvdW5kJTJGMCUyRjE4MyUyRjI4NTI4MC5tcDM=&sound=audio.mp3
106_008_5VeRNNq2.wav,哭泣的新生儿 &quot; 哭泣的新生儿 1,the_yura,Freesound,wav,00:43,7.3 MB,1407 kbps,立体声,44100 Hz,16 bit,使用Zoom H1记录哭泣的新生儿,https://cdn.tosound.com:3321/preview?file=freesound%2F0%2F183%2F285281.mp3,https://cdn.tosound.com:3321/preview?file=freesound%2F0%2F183%2F285281.mp3&token=ZnJlZXNvdW5kJTJGMCUyRjE4MyUyRjI4NTI4MS5tcDM=&sound=audio.mp3
110_008_N2X9LQXd.wav,中国航班上的婴儿哭声,triadtravelogues,Freesound,wav,03:06,31.4 MB,1409 kbps,立体声,44100 Hz,16 bit,"一名四个月大的婴儿在从上海到北京的第一次飞行中哭泣和哭泣。在后台你可以听到飞行员在飞行后发布公告，以及乘客说话和飞机声音飙升。

使用SONY ICD-UX560F进行录制

TriadTravelogues.com",https://preview.tosound.com:3321/preview?file=freesound%2F0%2F362%2F464707.mp3,https://preview.tosound.com:3321/preview?file=freesound%2F0%2F362%2F464707.mp3&token=ZnJlZXNvdW5kJTJGMCUyRjM2MiUyRjQ2NDcwNy5tcDM=&sound=audio.mp3
113_011_5VeRqzl2.wav,女婴1岁--烦躁、哭闹,Sauron974,Freesound,wav,02:47,46.1 MB,2303 kbps,立体声,48000 Hz,24 bit,"一个一岁大的美国女婴在一个掉落的玩具上哭泣和哭泣。当婴儿转离麦克风时，各种各样的视角，将她的手放在嘴里等等。

2011年以48KHz / 24bit录制，配备ElectroVoice CL-42霰弹枪，放入Zoom H4n便携式录像机。",https://cdn.tosound.com:3321/preview?file=freesound%2F0%2F211%2F313381.mp3,https://cdn.tosound.com:3321/preview?file=freesound%2F0%2F211%2F313381.mp3&token=ZnJlZXNvdW5kJTJGMCUyRjIxMSUyRjMxMzM4MS5tcDM=&sound=audio.mp3
115_005_YVm79yjd.flac,邻居家的孩子在哭,qubodup,Freesound,flac,00:22,9.4 MB,3441 kbps,立体声,96000 Hz,24 bit,"&amp;lt;p&amp;gt;一个婴儿在院子里哭。&amp;lt;/p&amp;gt。

&amp;lt;p&amp;gt;过了半分钟，我才停止恼怒，意识到我被声音的礼物所祝福。&amp;lt;/p&amp;gt。

&amp;lt;p&amp;gt;用Zoom H2录制的。用Audacity编辑。&amp;lt;/p&amp;gt;

&amp;lt;p&amp;gt;&amp;lt;strong&amp;gt;这不是一个公共领域的声音!这个声音需要署名！&amp;lt;/strong&amp;gt; 如果你不能署名，&amp;lt;a href=&amp;quot;http://www.freesound.org/people/qubodup/&amp;quot; rel=&amp;quot;nofollow&amp;quot;&amp;gt;&amp;lt;strong&amp;gt;联系我&amp;lt;/strong&amp;gt; &amp;lt;/a&amp;gt;！&amp;lt;/p&amp;gt;

&amp;lt;p&amp;gt;您需要以以下形式注明出处：&amp;lt;br&amp;gt;&amp;lt;/p&amp;gt;&amp;lt;blockquote&amp;gt;&amp;lt;strong&amp;gt;[在此插入声音标题]&amp;lt;/strong&amp;gt; Copyright 2013 &amp;lt;a href=&amp;quot; http://qubodup.net&amp;quot; rel=&amp;quot;nofollow&amp;quot;&amp;gt;Iwan Gabovitch&amp;lt;/a&amp;gt;, &amp;lt;a href=&amp;quot;http://creativecommons.org/licenses/by/3.0/&amp;quot; rel=&amp;quot;nofollow&amp;quot;&amp;gt;CC-BY3许可&amp;lt;/a&amp;gt;。&amp;lt;/blockquote&amp;gt;&amp;lt;br&amp;gt;&amp;lt;a href=&amp;quot;http://qubodup.wordpress.com/2012/08/16/audio-use-flac-instead-of-aiff-and-wave-use-vorbis-instead-of-mp3/&amp;quot; rel=&amp;quot;nofollow&amp;quot;&amp;gt;&amp;lt;strong&amp;gt;&amp;lt;a href=&amp;quot;http://farm9.staticflickr.com/8070/8213683889_517a10ef52_o.png&amp;quot;&amp;gt;http://farm9.staticflickr.com/8070/8213683889_517a10ef52_o.png&amp;lt;/a&amp;gt;&amp;lt;br&amp;gt;关于FLAC和OGG Vorbis音频文件格式&amp;lt;/strong&amp;gt;&amp;lt;/a&amp;gt; 。

&amp;lt;p&amp;gt;&amp;lt;a href=&amp;quot;http://www.freesound.org/people/qubodup/&amp;quot; rel=&amp;quot;nofollow&amp;quot;&amp;gt;&amp;lt;strong&amp;gt;联系我&amp;lt;/strong&amp;gt;&amp;lt;/a&amp;gt;如果你对开放源代码或商业用途的特定声音感兴趣.&amp;lt;/p&amp;gt。",https://cdn.tosound.com:3321/preview?file=freesound%2F0%2F173%2F275105.mp3,https://cdn.tosound.com:3321/preview?file=freesound%2F0%2F173%2F275105.mp3&token=ZnJlZXNvdW5kJTJGMCUyRjE3MyUyRjI3NTEwNS5tcDM=&sound=audio.mp3
115_006_KdqK99WV.wav,哭泣的新生儿 &quot; 哭泣的新生儿 3,the_yura,Freesound,wav,01:43,17.5 MB,1411 kbps,立体声,44100 Hz,16 bit,哭泣的新生儿宝宝,https://cdn.tosound.com:3321/preview?file=freesound%2F0%2F183%2F285279.mp3,https://cdn.tosound.com:3321/preview?file=freesound%2F0%2F183%2F285279.mp3&token=ZnJlZXNvdW5kJTJGMCUyRjE4MyUyRjI4NTI3OS5tcDM=&sound=audio.mp3
116_010_N21jn5Ad.wav,尖叫和痛苦&quot; 20070728 哭泣的婴儿火车。,thanvannispen,Freesound,wav,02:10,21.9 MB,1409 kbps,立体声,44100 Hz,16 bit,&amp;lt;p&amp;gt;我很享受2007年7月28日的火车旅行，因为我有我的iPod和Belkin TuneTalk，所以我可以在前往乌特勒支（荷兰）的火车上录下那个坐在我身后某处的可怕生物。&amp;lt;br&amp;gt;这是舒缓旅程的结束，一个哭泣的婴儿产生了一些氛围的声音，最后火车售票员给我们说，我们快到了！&amp;lt;/p&amp;gt。,https://cdn.tosound.com:3321/preview?file=freesound%2F0%2F40%2F142298.mp3,https://cdn.tosound.com:3321/preview?file=freesound%2F0%2F40%2F142298.mp3&token=ZnJlZXNvdW5kJTJGMCUyRjQwJTJGMTQyMjk4Lm1wMw==&sound=audio.mp3
118_005_N21vOAAd.wav,"Ihminen Human &quot; Vauva, itku / 一个婴儿，女婴，三个月大，哭泣，嚎叫，呜咽，室内",YleArkisto,Freesound,wav,02:25,26.6 MB,1534 kbps,立体声,48000 Hz,16 bit,"Tyttövauva，3 kk，itkuajitickinää。 Alussa kovaa parkua，välillävähänrauhoittuu。 SISA。

Äänitetty/ Rec：DAT

Paikka /地方：Suomi /芬兰/ NummelaAika /日期：20.07.1992",https://cdn.tosound.com:3321/preview?file=freesound%2F0%2F234%2F336954.mp3,https://cdn.tosound.com:3321/preview?file=freesound%2F0%2F234%2F336954.mp3&token=ZnJlZXNvdW5kJTJGMCUyRjIzNCUyRjMzNjk1NC5tcDM=&sound=audio.mp3
118_011_4d4q58Wr.flac,人类 &quot; Lena-cry02,Erdie,Freesound,flac,00:01,83.2 KB,414 kbps,立体声,44100 Hz,16 bit,&amp;lt;p&amp;gt;我的女儿Lena玩弄她的声音，并迈出了她学习母语的第一步。她已经5个月大了。&amp;lt;/p&amp;gt;,https://cdn.tosound.com:3321/preview?file=freesound%2F0%2F53%2F155536.mp3,https://cdn.tosound.com:3321/preview?file=freesound%2F0%2F53%2F155536.mp3&token=ZnJlZXNvdW5kJTJGMCUyRjUzJTJGMTU1NTM2Lm1wMw==&sound=audio.mp3
119_001_wrWbjeLd.flac,人类 &quot; Lena-cry08,Erdie,Freesound,flac,00:01,52.7 KB,321 kbps,立体声,44100 Hz,16 bit,&amp;lt;p&amp;gt;我的女儿Lena玩弄她的声音，并迈出了她学习母语的第一步。她已经5个月大了。&amp;lt;/p&amp;gt;,https://cdn.tosound.com:3321/preview?file=freesound%2F0%2F53%2F155538.mp3,https://cdn.tosound.com:3321/preview?file=freesound%2F0%2F53%2F155538.mp3&token=ZnJlZXNvdW5kJTJGMCUyRjUzJTJGMTU1NTM4Lm1wMw==&sound=audio.mp3
119_003_NrAqaxJr.flac,人类 &quot; Lena-cry06,Erdie,Freesound,flac,00:02,108.3 KB,345 kbps,立体声,44100 Hz,16 bit,&amp;lt;p&amp;gt;我的女儿Lena玩弄她的声音，并迈出了她学习母语的第一步。她已经5个月大了。&amp;lt;/p&amp;gt;,https://cdn.tosound.com:3321/preview?file=freesound%2F0%2F53%2F155540.mp3,https://cdn.tosound.com:3321/preview?file=freesound%2F0%2F53%2F155540.mp3&token=ZnJlZXNvdW5kJTJGMCUyRjUzJTJGMTU1NTQwLm1wMw==&sound=audio.mp3
119_008_ArQ96D5r.mp3,有趣的声音 &quot; 哭声1,zippi1,Freesound,mp3,00:02,45.7 KB,689 kbps,立体声,,,&amp;lt;p&amp;gt;我哭了......谁知道呢？ &amp;lt;/p&amp;gt。,https://cdn.tosound.com:3321/preview?file=freesound%2F0%2F16%2F118020.mp3,https://cdn.tosound.com:3321/preview?file=freesound%2F0%2F16%2F118020.mp3&token=ZnJlZXNvdW5kJTJGMCUyRjE2JTJGMTE4MDIwLm1wMw==&sound=audio.mp3
121_001_02Z85Xqr.wav,NYC subway sounds &quot; NYC ambient subway journey crying baby,Vortichez,Freesound,wav,00:07,2.7 MB,3054 kbps,立体声,96000 Hz,16 bit,哭泣在NYC地铁的婴孩的短的夹子。放大H1,https://cdn.tosound.com:3321/preview?file=freesound%2F0%2F294%2F396117.mp3,https://cdn.tosound.com:3321/preview?file=freesound%2F0%2F294%2F396117.mp3&token=ZnJlZXNvdW5kJTJGMCUyRjI5NCUyRjM5NjExNy5tcDM=&sound=audio.mp3
122_004_4VkPvLe2.mp3,可怕的&amp;amp; 未知 &quot; mamababycry,Todd_Bates,Freesound,mp3,00:11,191.5 KB,1378 kbps,立体声,,,这是个非常令人不安的文件，被认为是残余的E.V.P。在开始的时候，你可以听到小孩子哭着找妈妈，在最后你可以听到婴儿的哭声。,https://cdn.tosound.com:3321/preview?file=freesound%2F0%2F19%2F121147.mp3,https://cdn.tosound.com:3321/preview?file=freesound%2F0%2F19%2F121147.mp3&token=ZnJlZXNvdW5kJTJGMCUyRjE5JTJGMTIxMTQ3Lm1wMw==&sound=audio.mp3
122_008_NrAGyPX2.wav,哦，恐怖 &quot; 恶魔婴儿的哭声 01 混音 1,n_audioman,Freesound,wav,01:43,76.2 MB,6147 kbps,立体声,96000 Hz,32 bit,"这是我在Audition中使用弯音和一些混乱技术制作的声音。它还来自：

http://www.freesound.org/people/the_yura/sounds/211527/",https://cdn.tosound.com:3321/preview?file=freesound%2F0%2F323%2F425640.mp3,https://cdn.tosound.com:3321/preview?file=freesound%2F0%2F323%2F425640.mp3&token=ZnJlZXNvdW5kJTJGMCUyRjMyMyUyRjQyNTY0MC5tcDM=&sound=audio.mp3
122_009_02ZGgYDd.wav,Ihminen Human &quot; Vauva itkee / 婴儿，新生儿，哭泣,YleArkisto,Freesound,wav,00:26,8.1 MB,2578 kbps,立体声,48000 Hz,24 bit,"Vastasyntynyt vauva itkee，parkuu。

Äänitetty/ Rec：Analoginen nauha，Nagra / Analog tape，Nagra

Paikka /地方：Suomi /芬兰/赫尔辛基艾卡/日期：1965年",https://cdn.tosound.com:3321/preview?file=freesound%2F0%2F342%2F444817.mp3,https://cdn.tosound.com:3321/preview?file=freesound%2F0%2F342%2F444817.mp3&token=ZnJlZXNvdW5kJTJGMCUyRjM0MiUyRjQ0NDgxNy5tcDM=&sound=audio.mp3
126_002_O2B0GEzr.wav,这不是一个婴儿哭声,数字黄金图片,耳聆网,wav,00:15,4.37 MB,2304 kbps,立体声,48000 Hz,24 bit,这不是一个婴儿哭声，只是描述为这样。 很难解释如何发出这个声音。 大概是你捏住你的鼻子，用喉咙发出的叫声。,https://down.ear0.com:3321/index/preview?soundid=18244&type=mp3,"https://down.ear0.com:3321/index/preview?soundid=18244&type=mp3&token=czovL2Rvd24uZWFyMC5jb206MzMyMS9pbmRleC9wcmV2aWV3P3NvdW5kaWQ9MTgyNDQmdHlwZT1t
cDM=&sound=audio.mp3"
128_005_72N9NBNV.wav,一个生气的孩子哭了,巴顿,耳聆网,wav,00:31,2.65 MB,705 kbps,单声道,44100 Hz,16 bit,一个生气的孩子哭了,https://down.ear0.com:3321/index/preview?soundid=12267&type=mp3,"https://down.ear0.com:3321/index/preview?soundid=12267&type=mp3&token=czovL2Rvd24uZWFyMC5jb206MzMyMS9pbmRleC9wcmV2aWV3P3NvdW5kaWQ9MTIyNjcmdHlwZT1t
cDM=&sound=audio.mp3"
130_001_7d98EXB2.wav,在院子里哭泣的孩子,smuz,Freesound,wav,00:49,18.3 MB,3078 kbps,立体声,96000 Hz,16 bit,用Zoom H1记录。标准化。,https://cdn.tosound.com:3321/preview?file=freesound%2F0%2F311%2F413283.mp3,https://cdn.tosound.com:3321/preview?file=freesound%2F0%2F311%2F413283.mp3&token=ZnJlZXNvdW5kJTJGMCUyRjMxMSUyRjQxMzI4My5tcDM=&sound=audio.mp3
130_010_vVyGkeOd.flac,日本，成田机场安检室铺有地毯，繁忙的活动和声音，塑料桶里的物品，声音洪亮，最后是婴儿哭声。,kyles,Freesound,flac,04:03,47.2 MB,1622 kbps,立体声,48000 Hz,24 bit,"&amp;lt;p&amp;gt;日本，成田机场安检室地毯式的忙碌活动和声音，塑料桶里的物品发出隆隆声，最后是婴儿的哭声&amp;lt;/p&amp;gt。

&amp;lt;p&amp;gt;用索尼D50进行现场录音。不需要署名，只要给我留言说要商业化使用就可以了&amp;lt;/p&amp;gt。",https://preview.tosound.com:3321/preview?file=freesound%2F0%2F155%2F257989.mp3,https://preview.tosound.com:3321/preview?file=freesound%2F0%2F155%2F257989.mp3&token=ZnJlZXNvdW5kJTJGMCUyRjE1NSUyRjI1Nzk4OS5tcDM=&sound=audio.mp3
130_011_Ed80Ek8d.wav,"Ihminen Human &quot; Vauva, vastasyntynyt, itkee / 一个刚出生的婴儿在产房里哭泣，嚎啕大哭，有些人在说话。",YleArkisto,Freesound,wav,02:15,37.2 MB,2305 kbps,立体声,48000 Hz,24 bit,"Vastasyntynyt lapsi parkuu。 Vähänpuhettasynnytyshuoneessa taustalla。 Rauhallinen tunnelma，aito tilanne。

Äänitetty/ Rec：Analoginen nauha，Nagra / Analog tape，Nagra

Paikka /地方：Suomi /芬兰/ PoriAika /日期：1975年",https://cdn.tosound.com:3321/preview?file=freesound%2F0%2F234%2F336876.mp3,https://cdn.tosound.com:3321/preview?file=freesound%2F0%2F234%2F336876.mp3&token=ZnJlZXNvdW5kJTJGMCUyRjIzNCUyRjMzNjg3Ni5tcDM=&sound=audio.mp3
131_004_4d4qlyJr.flac,babycry1,n2p5,Freesound,flac,00:50,2.5 MB,417 kbps,立体声,44100 Hz,16 bit,&amp;lt;p&amp;gt;这是我做过的最可怜的录音之一。这个婴儿是我的侄女，她有最神奇的小哭声。我在看望婆婆时录下了这段话。它是为我担任音响设计师的一个节目录制的。这是在DAT录音机上用AKG C3000录制的。我已经上传了一个较长的版本（这个）和一个较短的版本（babycry2），它们都被用作节目中的声音提示，请欣赏。,https://cdn.tosound.com:3321/preview?file=freesound%2F0%2F25%2F127136.mp3,https://cdn.tosound.com:3321/preview?file=freesound%2F0%2F25%2F127136.mp3&token=ZnJlZXNvdW5kJTJGMCUyRjI1JTJGMTI3MTM2Lm1wMw==&sound=audio.mp3
142_003_graD34Ed.wav,"Ihminen Human &quot; Vauvat, itku, parku / 小婴儿，新生儿，哭泣，在妇产医院里嚎啕大哭，室内",YleArkisto,Freesound,wav,02:56,49 MB,2332 kbps,立体声,48000 Hz,24 bit,"Pienet vauvat，vastasyntyneet，itkevätsairaalassa。 Useita vauvoja，parivauvaalähellä。 Loppua kohti itku kiihtyy kovaksi parkumiseksi。

Äänitetty/ Rec：Analoginen nauha，Nagra / Analog tape，Nagra

Paikka /地方：Suomi /芬兰/赫尔辛基，Naistenklinikka /产科医院Aika /日期：19.08.1979",https://cdn.tosound.com:3321/preview?file=freesound%2F0%2F234%2F336952.mp3,https://cdn.tosound.com:3321/preview?file=freesound%2F0%2F234%2F336952.mp3&token=ZnJlZXNvdW5kJTJGMCUyRjIzNCUyRjMzNjk1Mi5tcDM=&sound=audio.mp3
142_007_WrxJZ132.wav,特斯拉龙的咆哮和呼唤 &quot; 特斯拉龙宝宝的哭声,Jaylew1987,Freesound,wav,00:31,11.6 MB,3069 kbps,立体声,48000 Hz,32 bit,我用声音发出了这个声音。对于我制作故事的龙城游戏，我把它变成了特斯拉龙宝宝的哭声,https://cdn.tosound.com:3321/preview?file=freesound%2F0%2F200%2F302921.mp3,https://cdn.tosound.com:3321/preview?file=freesound%2F0%2F200%2F302921.mp3&token=ZnJlZXNvdW5kJTJGMCUyRjIwMCUyRjMwMjkyMS5tcDM=&sound=audio.mp3
143_009_pd53QwnV.wav,宝宝大声地哭,klankbeeld,耳聆网,wav,07:32,124.18 MB,2304 kbps,立体声,48000 Hz,24 bit,7分钟长度，生气的宝宝大声地哭。,https://down.ear0.com:3321/index/preview?soundid=16020&type=mp3,"https://down.ear0.com:3321/index/preview?soundid=16020&type=mp3&token=czovL2Rvd24uZWFyMC5jb206MzMyMS9pbmRleC9wcmV2aWV3P3NvdW5kaWQ9MTYwMjAmdHlwZT1t
cDM=&sound=audio.mp3"
144_007_5dYEAmjd.wav,空间资产&quot; alienbabycry,xpoki,Freesound,wav,00:01,133.9 KB,706 kbps,立体声,44100 Hz,16 bit,"外星人/外星动物婴儿用中等高度的颤音哭泣。由我自己录制并执行（howl4.wav）并使用Audacity进行修改。


如果您喜欢并使用声音，请随时给我留言，链接或简短描述您的项目。没有义务，我只是感兴趣。谢谢！ :)",https://cdn.tosound.com:3321/preview?file=freesound%2F0%2F380%2F482787.mp3,https://cdn.tosound.com:3321/preview?file=freesound%2F0%2F380%2F482787.mp3&token=ZnJlZXNvdW5kJTJGMCUyRjM4MCUyRjQ4Mjc4Ny5tcDM=&sound=audio.mp3
145_009_wrWWGkwr.wav,宝宝 &quot; 隔壁的宝宝哭了,klankbeeld,Freesound,wav,07:32,82.8 MB,1536 kbps,立体声,48000 Hz,16 bit,"隔壁生气的宝宝哭了。她很生气，她不得不躺在床上。

从2011年7月开始重新上传。

当你使用这种声音时，如果你花了一笔自愿捐赠给freesound那就太好了。如果你使用这个声音，你总是要在你的工作中给我（klankbeeld）和freesound.org打分/归属。不要使用间接链接。",https://preview.tosound.com:3321/preview?file=freesound%2F0%2F202%2F304682.mp3,https://preview.tosound.com:3321/preview?file=freesound%2F0%2F202%2F304682.mp3&token=ZnJlZXNvdW5kJTJGMCUyRjIwMiUyRjMwNDY4Mi5tcDM=&sound=audio.mp3
146_006_NVRNGXRV.mp3,内景--737飞机着陆时飞行员说再见--背景上哭泣的婴儿,cynthia_1968,Freesound,mp3,01:28,1.4 MB,1378 kbps,立体声,,,"我用波音737的诺基亚Lumia 900手机录制了这个声音。飞机着陆了，飞行员正在通过扬声器说再见。您还可以听到飞机的引擎和人们解锁安全带。

此外，背景上还有一个哭闹的婴儿。

飞机降落在史基浦机场。",https://cdn.tosound.com:3321/preview?file=freesound%2F0%2F207%2F309524.mp3,https://cdn.tosound.com:3321/preview?file=freesound%2F0%2F207%2F309524.mp3&token=ZnJlZXNvdW5kJTJGMCUyRjIwNyUyRjMwOTUyNC5tcDM=&sound=audio.mp3
filename,title,author,source,ftype,duration,size,bitrate,channel,samplerate,bitdepth,desc
