,bbsName,name,summary,tid
0,踏莎行者,随拍影像馆,五一假期，预谋已久的快乐,35751619
1,踏莎行者,随拍影像馆,那些被遗忘的旧时光,35751965
2,秋儿仙子,随拍影像馆, 同样的街道，同样的风景，不同的人以及别样的心情。五一去哪儿玩？在老家走走看看吧，在自己喜欢的状态里生活，生活不是为了赶路，而是为了感受路。拍的不好没关系，没记录下生活才可惜。在细碎的美好中，感受时间的温柔。@kclv205@小豆芽6@新娘是我良@V粉福利官—唐蜀,35737341
3,雪非亦流,OriginOS,呀哈喽~雪非亦流又来了本期玩机技巧为大家分享vivo Pad2高效办公的功能——跨屏协同。任务流转，大屏大体验在手机上未编辑完成的文档，通过和vivo Pad2碰一碰即可在流转至平板上，在大屏操作体验更爽。投屏，只需一碰使用平板的时候，又担心手机上有新消息会遗漏？不用担心，vivo Pad2支持一键投屏，在平板上就能操作手机。,35771501
4,vivo手机小技巧,玩机技巧,哪些操作最伤电池？这个视频告诉你！,35463500
5,踏莎行者,随拍影像馆,五一假期，预谋已久的快乐,35751619
6,踏莎行者,随拍影像馆,那些被遗忘的旧时光,35751965
7,秋儿仙子,随拍影像馆, 同样的街道，同样的风景，不同的人以及别样的心情。五一去哪儿玩？在老家走走看看吧，在自己喜欢的状态里生活，生活不是为了赶路，而是为了感受路。拍的不好没关系，没记录下生活才可惜。在细碎的美好中，感受时间的温柔。@kclv205@小豆芽6@新娘是我良@V粉福利官—唐蜀,35737341
8,雪非亦流,OriginOS,呀哈喽~雪非亦流又来了本期玩机技巧为大家分享vivo Pad2高效办公的功能——跨屏协同。任务流转，大屏大体验在手机上未编辑完成的文档，通过和vivo Pad2碰一碰即可在流转至平板上，在大屏操作体验更爽。投屏，只需一碰使用平板的时候，又担心手机上有新消息会遗漏？不用担心，vivo Pad2支持一键投屏，在平板上就能操作手机。,35771501
9,vivo手机小技巧,玩机技巧,哪些操作最伤电池？这个视频告诉你！,35463500
